ID,Source file and JSON path,Group,Exact screen/card,English source,Complete intended meaning,Current Kannada,Literal meaning of current Kannada,Missing meaning,Added meaning,Grammar problem,Spelling problem,Word-order problem,Register problem,Punctuation problem,Fragment composition,Display/narration/both,Runtime consumer,Proposed complete Kannada display,Proposed complete Kannada narration,Names/numbers/acronyms preserved,Human approval status,Defective,Reviewer correction,Reviewer decision,Reviewer name,Review date
ui.welcome.general_display,backend/data/locales/ui.json#kn.welcome.general_display,1. Core UI,Onboarding / welcome bubble — welcome.general_display,"Welcome.
What information would you like today?","Communicate the complete English source meaning without omitting qualifiers, actions, names, numbers, fees, or acronyms: Welcome.
What information would you like today?","ಸ್ವಾಗತ.
ಇಂದು ನಿಮಗೆ ಯಾವ ಮಾಹಿತಿ ಬೇಕು?","Working literal gloss: Welcome.
What information would you like today?",No omission established by desk review; native reviewer must verify every clause.,No added fact established by desk review; native reviewer must verify register and implications.,The sentence has been redrafted as a complete candidate; native reviewer must validate grammar.,No specific defect established; native review required.,Candidate uses revised Kannada ordering; native reviewer must compare it with the current construction.,Candidate targets consistent respectful kiosk language; approval is pending.,No specific defect established; native review required.,None; stored as a complete source value.,both,backend.services.greetings → backend.app.main WebSocket → ChatScreen → AnimatedAiMessage; TTS cache,"ಸ್ವಾಗತ.
ಇಂದು ನೀವು ಯಾವ ಮಾಹಿತಿಯನ್ನು ತಿಳಿದುಕೊಳ್ಳಲು ಬಯಸುತ್ತೀರಿ?",ಸ್ವಾಗತ. ಇಂದು ನೀವು ಯಾವ ಮಾಹಿತಿಯನ್ನು ತಿಳಿದುಕೊಳ್ಳಲು ಬಯಸುತ್ತೀರಿ?,YES,READY_FOR_NATIVE_REVIEW,YES,,,,
ui.welcome.general_narration,backend/data/locales/ui.json#kn.welcome.general_narration,1. Core UI,Onboarding / welcome bubble — welcome.general_narration,Welcome. What information would you like today?,"Communicate the complete English source meaning without omitting qualifiers, actions, names, numbers, fees, or acronyms: Welcome. What information would you like today?",ಸ್ವಾಗತ. ಇಂದು ನಿಮಗೆ ಯಾವ ಮಾಹಿತಿ ಬೇಕು?,Working literal gloss: Welcome. What information would you like today?,No omission established by desk review; native reviewer must verify every clause.,No added fact established by desk review; native reviewer must verify register and implications.,The sentence has been redrafted as a complete candidate; native reviewer must validate grammar.,No specific defect established; native review required.,Candidate uses revised Kannada ordering; native reviewer must compare it with the current construction.,Candidate targets consistent respectful kiosk language; approval is pending.,No specific defect established; native review required.,None; stored as a complete source value.,both,backend.services.greetings → backend.app.main WebSocket → ChatScreen → AnimatedAiMessage; TTS cache,ಸ್ವಾಗತ. ಇಂದು ನೀವು ಯಾವ ಮಾಹಿತಿಯನ್ನು ತಿಳಿದುಕೊಳ್ಳಲು ಬಯಸುತ್ತೀರಿ?,ಸ್ವಾಗತ. ಇಂದು ನೀವು ಯಾವ ಮಾಹಿತಿಯನ್ನು ತಿಳಿದುಕೊಳ್ಳಲು ಬಯಸುತ್ತೀರಿ?,YES,READY_FOR_NATIVE_REVIEW,YES,,,,
ui.welcome.named_display,backend/data/locales/ui.json#kn.welcome.named_display,1. Core UI,Onboarding / welcome bubble — welcome.named_display,"{name}, welcome.
What information would you like today?","Communicate the complete English source meaning without omitting qualifiers, actions, names, numbers, fees, or acronyms: {name}, welcome.
What information would you like today?","{name}, ಸ್ವಾಗತ.
ಇಂದು ನಿಮಗೆ ಯಾವ ಮಾಹಿತಿ ಬೇಕು?","Working literal gloss: {name}, welcome.
What information would you like today?",No omission established by desk review; native reviewer must verify every clause.,No added fact established by desk review; native reviewer must verify register and implications.,The sentence has been redrafted as a complete candidate; native reviewer must validate grammar.,No specific defect established; native review required.,Candidate uses revised Kannada ordering; native reviewer must compare it with the current construction.,Candidate targets consistent respectful kiosk language; approval is pending.,No specific defect established; native review required.,None; stored as a complete source value.,both,backend.services.greetings → backend.app.main WebSocket → ChatScreen → AnimatedAiMessage; TTS cache,"{name} ಅವರೇ, ಸ್ವಾಗತ.
ಇಂದು ನೀವು ಯಾವ ಮಾಹಿತಿಯನ್ನು ತಿಳಿದುಕೊಳ್ಳಲು ಬಯಸುತ್ತೀರಿ?","{name} ಅವರೇ, ಸ್ವಾಗತ. ಇಂದು ನೀವು ಯಾವ ಮಾಹಿತಿಯನ್ನು ತಿಳಿದುಕೊಳ್ಳಲು ಬಯಸುತ್ತೀರಿ?",YES,READY_FOR_NATIVE_REVIEW,YES,,,,
ui.welcome.named_narration,backend/data/locales/ui.json#kn.welcome.named_narration,1. Core UI,Onboarding / welcome bubble — welcome.named_narration,"{name}, welcome. What information would you like today?","Communicate the complete English source meaning without omitting qualifiers, actions, names, numbers, fees, or acronyms: {name}, welcome. What information would you like today?","{name}, ಸ್ವಾಗತ. ಇಂದು ನಿಮಗೆ ಯಾವ ಮಾಹಿತಿ ಬೇಕು?","Working literal gloss: {name}, welcome. What information would you like today?",No omission established by desk review; native reviewer must verify every clause.,No added fact established by desk review; native reviewer must verify register and implications.,The sentence has been redrafted as a complete candidate; native reviewer must validate grammar.,No specific defect established; native review required.,Candidate uses revised Kannada ordering; native reviewer must compare it with the current construction.,Candidate targets consistent respectful kiosk language; approval is pending.,No specific defect established; native review required.,None; stored as a complete source value.,both,backend.services.greetings → backend.app.main WebSocket → ChatScreen → AnimatedAiMessage; TTS cache,"{name} ಅವರೇ, ಸ್ವಾಗತ. ಇಂದು ನೀವು ಯಾವ ಮಾಹಿತಿಯನ್ನು ತಿಳಿದುಕೊಳ್ಳಲು ಬಯಸುತ್ತೀರಿ?","{name} ಅವರೇ, ಸ್ವಾಗತ. ಇಂದು ನೀವು ಯಾವ ಮಾಹಿತಿಯನ್ನು ತಿಳಿದುಕೊಳ್ಳಲು ಬಯಸುತ್ತೀರಿ?",YES,READY_FOR_NATIVE_REVIEW,YES,,,,
ui.welcome.name_prompt,backend/data/locales/ui.json#kn.welcome.name_prompt,1. Core UI,Onboarding / welcome bubble — welcome.name_prompt,Please tell me your preferred name.,"Communicate the complete English source meaning without omitting qualifiers, actions, names, numbers, fees, or acronyms: Please tell me your preferred name.",ದಯವಿಟ್ಟು ನಿಮ್ಮ ಹೆಸರನ್ನು ತಿಳಿಸಿ.,Please tell me your name.,It does not say which name the visitor wants CLARA to use / what the visitor should be called.,No added fact established by desk review; native reviewer must verify register and implications.,"Grammatically understandable, but semantically incomplete for this onboarding question.",No specific defect established; native review required.,"The current sentence has natural basic order, but lacks the required ‘call you by’ clause.","Polite, but insufficiently specific for respectful kiosk onboarding.",Full stop is readable and TTS-safe.,None; stored as a complete source value.,both,backend.services.greetings → backend.app.main WebSocket → ChatScreen → AnimatedAiMessage; TTS cache,ದಯವಿಟ್ಟು ನಿಮ್ಮನ್ನು ಯಾವ ಹೆಸರಿನಿಂದ ಕರೆಯಬೇಕೆಂದು ತಿಳಿಸಿ.,ದಯವಿಟ್ಟು ನಿಮ್ಮನ್ನು ಯಾವ ಹೆಸರಿನಿಂದ ಕರೆಯಬೇಕೆಂದು ತಿಳಿಸಿ.,YES,READY_FOR_NATIVE_REVIEW,YES,,,,
ui.language.select,backend/data/locales/ui.json#kn.language.select,1. Core UI,Language gate — language.select,Select a language.,"Communicate the complete English source meaning without omitting qualifiers, actions, names, numbers, fees, or acronyms: Select a language.",ಭಾಷೆಯನ್ನು ಆಯ್ಕೆಮಾಡಿ.,Working literal gloss: Select a language.,No omission established by desk review; native reviewer must verify every clause.,No added fact established by desk review; native reviewer must verify register and implications.,The sentence has been redrafted as a complete candidate; native reviewer must validate grammar.,No specific defect established; native review required.,Candidate uses revised Kannada ordering; native reviewer must compare it with the current construction.,Candidate targets consistent respectful kiosk language; approval is pending.,No specific defect established; native review required.,None; stored as a complete source value.,both,frontend uiCopy/LanguageContext → ChatScreen language gate,ದಯವಿಟ್ಟು ಭಾಷೆಯನ್ನು ಆಯ್ಕೆಮಾಡಿ.,ದಯವಿಟ್ಟು ಭಾಷೆಯನ್ನು ಆಯ್ಕೆಮಾಡಿ.,YES,READY_FOR_NATIVE_REVIEW,YES,,,,
ui.language.required,backend/data/locales/ui.json#kn.language.required,1. Core UI,Language gate — language.required,Please select a language to continue.,"Communicate the complete English source meaning without omitting qualifiers, actions, names, numbers, fees, or acronyms: Please select a language to continue.",ಮುಂದುವರಿಯಲು ದಯವಿಟ್ಟು ಭಾಷೆಯನ್ನು ಆಯ್ಕೆಮಾಡಿ.,Working literal gloss: Please select a language to continue.,No omission established by desk review; native reviewer must verify every clause.,No added fact established by desk review; native reviewer must verify register and implications.,No specific defect established; native review required.,No specific defect established; native review required.,No specific defect established; native review required.,No specific defect established; native review required.,No specific defect established; native review required.,None; stored as a complete source value.,both,frontend uiCopy/LanguageContext → ChatScreen language gate,ಮುಂದುವರಿಯಲು ದಯವಿಟ್ಟು ಭಾಷೆಯನ್ನು ಆಯ್ಕೆಮಾಡಿ.,ಮುಂದುವರಿಯಲು ದಯವಿಟ್ಟು ಭಾಷೆಯನ್ನು ಆಯ್ಕೆಮಾಡಿ.,YES,READY_FOR_NATIVE_REVIEW,NO,,,,
ui.status.listening,backend/data/locales/ui.json#kn.status.listening,1. Core UI,Chat status / orb — status.listening,Listening…,"Communicate the complete English source meaning without omitting qualifiers, actions, names, numbers, fees, or acronyms: Listening…",ಆಲಿಸುತ್ತಿದ್ದೇನೆ…,Working literal gloss: Listening…,No omission established by desk review; native reviewer must verify every clause.,No added fact established by desk review; native reviewer must verify register and implications.,The sentence has been redrafted as a complete candidate; native reviewer must validate grammar.,No specific defect established; native review required.,Candidate uses revised Kannada ordering; native reviewer must compare it with the current construction.,Candidate targets consistent respectful kiosk language; approval is pending.,No specific defect established; native review required.,None; stored as a complete source value.,both,frontend uiCopy → App/ChatScreen/ChatOrbControl,ನಿಮ್ಮ ಮಾತನ್ನು ಆಲಿಸುತ್ತಿದ್ದೇನೆ…,ನಿಮ್ಮ ಮಾತನ್ನು ಆಲಿಸುತ್ತಿದ್ದೇನೆ.,YES,READY_FOR_NATIVE_REVIEW,YES,,,,
ui.status.processing,backend/data/locales/ui.json#kn.status.processing,1. Core UI,Chat status / orb — status.processing,Processing your request…,"Communicate the complete English source meaning without omitting qualifiers, actions, names, numbers, fees, or acronyms: Processing your request…",ನಿಮ್ಮ ವಿನಂತಿಯನ್ನು ಪರಿಶೀಲಿಸುತ್ತಿದ್ದೇನೆ…,Working literal gloss: Processing your request…,No omission established by desk review; native reviewer must verify every clause.,No added fact established by desk review; native reviewer must verify register and implications.,The sentence has been redrafted as a complete candidate; native reviewer must validate grammar.,No specific defect established; native review required.,Candidate uses revised Kannada ordering; native reviewer must compare it with the current construction.,Candidate targets consistent respectful kiosk language; approval is pending.,No specific defect established; native review required.,None; stored as a complete source value.,both,frontend uiCopy → App/ChatScreen/ChatOrbControl,ನಿಮ್ಮ ವಿನಂತಿಯನ್ನು ಪರಿಶೀಲಿಸುತ್ತಿದ್ದೇನೆ…,ನಿಮ್ಮ ವಿನಂತಿಯನ್ನು ಪರಿಶೀಲಿಸುತ್ತಿದ್ದೇನೆ.,YES,READY_FOR_NATIVE_REVIEW,YES,,,,
ui.status.thinking,backend/data/locales/ui.json#kn.status.thinking,1. Core UI,Chat status / orb — status.thinking,CLARA is thinking…,"Communicate the complete English source meaning without omitting qualifiers, actions, names, numbers, fees, or acronyms: CLARA is thinking…",CLARA ಉತ್ತರವನ್ನು ಸಿದ್ಧಪಡಿಸುತ್ತಿದೆ…,Working literal gloss: CLARA is thinking…,No omission established by desk review; native reviewer must verify every clause.,No added fact established by desk review; native reviewer must verify register and implications.,The sentence has been redrafted as a complete candidate; native reviewer must validate grammar.,No specific defect established; native review required.,Candidate uses revised Kannada ordering; native reviewer must compare it with the current construction.,Candidate targets consistent respectful kiosk language; approval is pending.,No specific defect established; native review required.,None; stored as a complete source value.,both,frontend uiCopy → App/ChatScreen/ChatOrbControl,CLARA ನಿಮ್ಮ ಪ್ರಶ್ನೆಗೆ ಉತ್ತರವನ್ನು ಸಿದ್ಧಪಡಿಸುತ್ತಿದೆ…,CLARA ನಿಮ್ಮ ಪ್ರಶ್ನೆಗೆ ಉತ್ತರವನ್ನು ಸಿದ್ಧಪಡಿಸುತ್ತಿದೆ.,YES,READY_FOR_NATIVE_REVIEW,YES,,,,
ui.status.thinking_title,backend/data/locales/ui.json#kn.status.thinking_title,1. Core UI,Chat status / orb — status.thinking_title,CLARA is thinking,"Communicate the complete English source meaning without omitting qualifiers, actions, names, numbers, fees, or acronyms: CLARA is thinking",CLARA ಯೋಚಿಸುತ್ತಿದೆ,Working literal gloss: CLARA is thinking,No omission established by desk review; native reviewer must verify every clause.,No added fact established by desk review; native reviewer must verify register and implications.,The sentence has been redrafted as a complete candidate; native reviewer must validate grammar.,No specific defect established; native review required.,Candidate uses revised Kannada ordering; native reviewer must compare it with the current construction.,Candidate targets consistent respectful kiosk language; approval is pending.,No specific defect established; native review required.,None; stored as a complete source value.,both,frontend uiCopy → App/ChatScreen/ChatOrbControl,CLARA ನಿಮ್ಮ ಪ್ರಶ್ನೆಯನ್ನು ಪರಿಶೀಲಿಸುತ್ತಿದೆ,CLARA ನಿಮ್ಮ ಪ್ರಶ್ನೆಯನ್ನು ಪರಿಶೀಲಿಸುತ್ತಿದೆ.,YES,READY_FOR_NATIVE_REVIEW,YES,,,,
ui.status.thinking_detail_1,backend/data/locales/ui.json#kn.status.thinking_detail_1,1. Core UI,Chat status / orb — status.thinking_detail_1,Reading your question and gathering the right details...,"Communicate the complete English source meaning without omitting qualifiers, actions, names, numbers, fees, or acronyms: Reading your question and gathering the right details...",ನಿಮ್ಮ ಪ್ರಶ್ನೆಯನ್ನು ಓದಿ ಸರಿಯಾದ ಮಾಹಿತಿಯನ್ನು ಸಂಗ್ರಹಿಸುತ್ತಿದ್ದೇನೆ...,Working literal gloss: Reading your question and gathering the right details...,No omission established by desk review; native reviewer must verify every clause.,No added fact established by desk review; native reviewer must verify register and implications.,The sentence has been redrafted as a complete candidate; native reviewer must validate grammar.,No specific defect established; native review required.,Candidate uses revised Kannada ordering; native reviewer must compare it with the current construction.,Candidate targets consistent respectful kiosk language; approval is pending.,No specific defect established; native review required.,None; stored as a complete source value.,both,frontend uiCopy → App/ChatScreen/ChatOrbControl,"ನಿಮ್ಮ ಪ್ರಶ್ನೆಯನ್ನು ಪರಿಶೀಲಿಸಿ, ಸರಿಯಾದ ಮಾಹಿತಿಯನ್ನು ಸಂಗ್ರಹಿಸಲಾಗುತ್ತಿದೆ…","ನಿಮ್ಮ ಪ್ರಶ್ನೆಯನ್ನು ಪರಿಶೀಲಿಸಿ, ಸರಿಯಾದ ಮಾಹಿತಿಯನ್ನು ಸಂಗ್ರಹಿಸಲಾಗುತ್ತಿದೆ.",YES,READY_FOR_NATIVE_REVIEW,YES,,,,
ui.status.thinking_detail_2,backend/data/locales/ui.json#kn.status.thinking_detail_2,1. Core UI,Chat status / orb — status.thinking_detail_2,Cross-checking campus information so the answer stays accurate...,"Communicate the complete English source meaning without omitting qualifiers, actions, names, numbers, fees, or acronyms: Cross-checking campus information so the answer stays accurate...",ಉತ್ತರ ನಿಖರವಾಗಿರಲು ಮಾಹಿತಿಯನ್ನು ಪರಿಶೀಲಿಸುತ್ತಿದ್ದೇನೆ...,Working literal gloss: Cross-checking campus information so the answer stays accurate...,No omission established by desk review; native reviewer must verify every clause.,No added fact established by desk review; native reviewer must verify register and implications.,The sentence has been redrafted as a complete candidate; native reviewer must validate grammar.,No specific defect established; native review required.,Candidate uses revised Kannada ordering; native reviewer must compare it with the current construction.,Candidate targets consistent respectful kiosk language; approval is pending.,No specific defect established; native review required.,None; stored as a complete source value.,both,frontend uiCopy → App/ChatScreen/ChatOrbControl,ಉತ್ತರ ನಿಖರವಾಗಿರಲು ಕ್ಯಾಂಪಸ್ ಮಾಹಿತಿಯನ್ನು ಮರುಪರಿಶೀಲಿಸಲಾಗುತ್ತಿದೆ…,ಉತ್ತರ ನಿಖರವಾಗಿರಲು ಕ್ಯಾಂಪಸ್ ಮಾಹಿತಿಯನ್ನು ಮರುಪರಿಶೀಲಿಸಲಾಗುತ್ತಿದೆ.,YES,READY_FOR_NATIVE_REVIEW,YES,,,,
ui.status.thinking_detail_3,backend/data/locales/ui.json#kn.status.thinking_detail_3,1. Core UI,Chat status / orb — status.thinking_detail_3,Preparing a clear response for you...,"Communicate the complete English source meaning without omitting qualifiers, actions, names, numbers, fees, or acronyms: Preparing a clear response for you...",ನಿಮಗಾಗಿ ಸ್ಪಷ್ಟ ಉತ್ತರವನ್ನು ಸಿದ್ಧಪಡಿಸುತ್ತಿದ್ದೇನೆ...,Working literal gloss: Preparing a clear response for you...,No omission established by desk review; native reviewer must verify every clause.,No added fact established by desk review; native reviewer must verify register and implications.,The sentence has been redrafted as a complete candidate; native reviewer must validate grammar.,No specific defect established; native review required.,Candidate uses revised Kannada ordering; native reviewer must compare it with the current construction.,Candidate targets consistent respectful kiosk language; approval is pending.,No specific defect established; native review required.,None; stored as a complete source value.,both,frontend uiCopy → App/ChatScreen/ChatOrbControl,ನಿಮಗಾಗಿ ಸ್ಪಷ್ಟವಾದ ಉತ್ತರವನ್ನು ಸಿದ್ಧಪಡಿಸಲಾಗುತ್ತಿದೆ…,ನಿಮಗಾಗಿ ಸ್ಪಷ್ಟವಾದ ಉತ್ತರವನ್ನು ಸಿದ್ಧಪಡಿಸಲಾಗುತ್ತಿದೆ.,YES,READY_FOR_NATIVE_REVIEW,YES,,,,
ui.status.thinking_detail_4,backend/data/locales/ui.json#kn.status.thinking_detail_4,1. Core UI,Chat status / orb — status.thinking_detail_4,Connecting the relevant details from CLARA knowledge...,"Communicate the complete English source meaning without omitting qualifiers, actions, names, numbers, fees, or acronyms: Connecting the relevant details from CLARA knowledge...",CLARA ಜ್ಞಾನದಿಂದ ಸಂಬಂಧಿತ ಮಾಹಿತಿಯನ್ನು ಜೋಡಿಸುತ್ತಿದ್ದೇನೆ...,Working literal gloss: Connecting the relevant details from CLARA knowledge...,No omission established by desk review; native reviewer must verify every clause.,No added fact established by desk review; native reviewer must verify register and implications.,The sentence has been redrafted as a complete candidate; native reviewer must validate grammar.,No specific defect established; native review required.,Candidate uses revised Kannada ordering; native reviewer must compare it with the current construction.,Candidate targets consistent respectful kiosk language; approval is pending.,No specific defect established; native review required.,None; stored as a complete source value.,both,frontend uiCopy → App/ChatScreen/ChatOrbControl,CLARA ಯ ಜ್ಞಾನಸಂಗ್ರಹದಿಂದ ಸಂಬಂಧಿತ ವಿವರಗಳನ್ನು ಒಟ್ಟುಗೂಡಿಸಲಾಗುತ್ತಿದೆ…,CLARA ಯ ಜ್ಞಾನಸಂಗ್ರಹದಿಂದ ಸಂಬಂಧಿತ ವಿವರಗಳನ್ನು ಒಟ್ಟುಗೂಡಿಸಲಾಗುತ್ತಿದೆ.,YES,READY_FOR_NATIVE_REVIEW,YES,,,,
ui.status.thinking_detail_5,backend/data/locales/ui.json#kn.status.thinking_detail_5,1. Core UI,Chat status / orb — status.thinking_detail_5,Almost ready... preparing the best possible answer...,"Communicate the complete English source meaning without omitting qualifiers, actions, names, numbers, fees, or acronyms: Almost ready... preparing the best possible answer...",ಇನ್ನೇನು ಸಿದ್ಧ... ಅತ್ಯುತ್ತಮ ಉತ್ತರವನ್ನು ಸಿದ್ಧಪಡಿಸುತ್ತಿದ್ದೇನೆ...,Working literal gloss: Almost ready... preparing the best possible answer...,No omission established by desk review; native reviewer must verify every clause.,No added fact established by desk review; native reviewer must verify register and implications.,The sentence has been redrafted as a complete candidate; native reviewer must validate grammar.,No specific defect established; native review required.,Candidate uses revised Kannada ordering; native reviewer must compare it with the current construction.,Candidate targets consistent respectful kiosk language; approval is pending.,No specific defect established; native review required.,None; stored as a complete source value.,both,frontend uiCopy → App/ChatScreen/ChatOrbControl,ಉತ್ತರ ಇನ್ನೇನು ಸಿದ್ಧವಾಗಲಿದೆ…,ಉತ್ತರ ಇನ್ನೇನು ಸಿದ್ಧವಾಗಲಿದೆ.,YES,READY_FOR_NATIVE_REVIEW,YES,,,,
ui.status.reconnecting,backend/data/locales/ui.json#kn.status.reconnecting,1. Core UI,Chat status / orb — status.reconnecting,Reconnecting…,"Communicate the complete English source meaning without omitting qualifiers, actions, names, numbers, fees, or acronyms: Reconnecting…",ಮರುಸಂಪರ್ಕಿಸಲಾಗುತ್ತಿದೆ…,Working literal gloss: Reconnecting…,No omission established by desk review; native reviewer must verify every clause.,No added fact established by desk review; native reviewer must verify register and implications.,The sentence has been redrafted as a complete candidate; native reviewer must validate grammar.,No specific defect established; native review required.,Candidate uses revised Kannada ordering; native reviewer must compare it with the current construction.,Candidate targets consistent respectful kiosk language; approval is pending.,No specific defect established; native review required.,None; stored as a complete source value.,both,frontend uiCopy → App/ChatScreen/ChatOrbControl,ಮತ್ತೆ ಸಂಪರ್ಕಿಸಲು ಪ್ರಯತ್ನಿಸಲಾಗುತ್ತಿದೆ…,ಮತ್ತೆ ಸಂಪರ್ಕಿಸಲು ಪ್ರಯತ್ನಿಸಲಾಗುತ್ತಿದೆ.,YES,READY_FOR_NATIVE_REVIEW,YES,,,,
ui.status.connection_lost,backend/data/locales/ui.json#kn.status.connection_lost,1. Core UI,Chat status / orb — status.connection_lost,Connection lost.,"Communicate the complete English source meaning without omitting qualifiers, actions, names, numbers, fees, or acronyms: Connection lost.",ಸಂಪರ್ಕ ಕಡಿತಗೊಂಡಿದೆ.,Working literal gloss: Connection lost.,No omission established by desk review; native reviewer must verify every clause.,No added fact established by desk review; native reviewer must verify register and implications.,No specific defect established; native review required.,No specific defect established; native review required.,No specific defect established; native review required.,No specific defect established; native review required.,No specific defect established; native review required.,None; stored as a complete source value.,both,frontend uiCopy → App/ChatScreen/ChatOrbControl,ಸಂಪರ್ಕ ಕಡಿತಗೊಂಡಿದೆ.,ಸಂಪರ್ಕ ಕಡಿತಗೊಂಡಿದೆ.,YES,READY_FOR_NATIVE_REVIEW,NO,,,,
ui.status.connectivity_issue,backend/data/locales/ui.json#kn.status.connectivity_issue,1. Core UI,Chat status / orb — status.connectivity_issue,The system is having connectivity problems.,"Communicate the complete English source meaning without omitting qualifiers, actions, names, numbers, fees, or acronyms: The system is having connectivity problems.",ವ್ಯವಸ್ಥೆಯಲ್ಲಿ ಸಂಪರ್ಕ ಸಮಸ್ಯೆಯಾಗಿದೆ.,Working literal gloss: The system is having connectivity problems.,No omission established by desk review; native reviewer must verify every clause.,No added fact established by desk review; native reviewer must verify register and implications.,The sentence has been redrafted as a complete candidate; native reviewer must validate grammar.,No specific defect established; native review required.,Candidate uses revised Kannada ordering; native reviewer must compare it with the current construction.,Candidate targets consistent respectful kiosk language; approval is pending.,No specific defect established; native review required.,None; stored as a complete source value.,both,frontend uiCopy → App/ChatScreen/ChatOrbControl,ವ್ಯವಸ್ಥೆಯ ಸಂಪರ್ಕದಲ್ಲಿ ಸಮಸ್ಯೆ ಉಂಟಾಗಿದೆ.,ವ್ಯವಸ್ಥೆಯ ಸಂಪರ್ಕದಲ್ಲಿ ಸಮಸ್ಯೆ ಉಂಟಾಗಿದೆ.,YES,READY_FOR_NATIVE_REVIEW,YES,,,,
ui.status.returning_to_sleep,backend/data/locales/ui.json#kn.status.returning_to_sleep,1. Core UI,Chat status / orb — status.returning_to_sleep,Returning to the sleep screen.,"Communicate the complete English source meaning without omitting qualifiers, actions, names, numbers, fees, or acronyms: Returning to the sleep screen.",ನಿದ್ರಾ ಪರದೆಗೆ ಹಿಂತಿರುಗಲಾಗುತ್ತಿದೆ.,Working literal gloss: Returning to the sleep screen.,No omission established by desk review; native reviewer must verify every clause.,No added fact established by desk review; native reviewer must verify register and implications.,No specific defect established; native review required.,No specific defect established; native review required.,No specific defect established; native review required.,No specific defect established; native review required.,No specific defect established; native review required.,None; stored as a complete source value.,both,frontend uiCopy → App/ChatScreen/ChatOrbControl,ನಿದ್ರಾ ಪರದೆಗೆ ಹಿಂತಿರುಗಲಾಗುತ್ತಿದೆ.,ನಿದ್ರಾ ಪರದೆಗೆ ಹಿಂತಿರುಗಲಾಗುತ್ತಿದೆ.,YES,READY_FOR_NATIVE_REVIEW,NO,,,,
ui.clarification.general,backend/data/locales/ui.json#kn.clarification.general,3. Errors and clarifications,Clarification assistant turn — clarification.general,Please tell me a little more about the information you need.,"Communicate the complete English source meaning without omitting qualifiers, actions, names, numbers, fees, or acronyms: Please tell me a little more about the information you need.",ನಿಮಗೆ ಯಾವ ಮಾಹಿತಿ ಬೇಕು ಎಂಬುದನ್ನು ದಯವಿಟ್ಟು ಸ್ವಲ್ಪ ವಿವರಿಸಿ.,Working literal gloss: Please tell me a little more about the information you need.,No omission established by desk review; native reviewer must verify every clause.,No added fact established by desk review; native reviewer must verify register and implications.,The sentence has been redrafted as a complete candidate; native reviewer must validate grammar.,No specific defect established; native review required.,Candidate uses revised Kannada ordering; native reviewer must compare it with the current construction.,Candidate targets consistent respectful kiosk language; approval is pending.,No specific defect established; native review required.,None; stored as a complete source value.,both,backend conversation templates/main → WebSocket → ChatScreen; TTS when emitted as assistant reply,ನಿಮಗೆ ಬೇಕಾದ ಮಾಹಿತಿಯ ಬಗ್ಗೆ ದಯವಿಟ್ಟು ಸ್ವಲ್ಪ ಹೆಚ್ಚು ವಿವರಿಸಿ.,ನಿಮಗೆ ಬೇಕಾದ ಮಾಹಿತಿಯ ಬಗ್ಗೆ ದಯವಿಟ್ಟು ಸ್ವಲ್ಪ ಹೆಚ್ಚು ವಿವರಿಸಿ.,YES,READY_FOR_NATIVE_REVIEW,YES,,,,
ui.clarification.department,backend/data/locales/ui.json#kn.clarification.department,3. Errors and clarifications,Clarification assistant turn — clarification.department,Which department would you like to know about?,"Communicate the complete English source meaning without omitting qualifiers, actions, names, numbers, fees, or acronyms: Which department would you like to know about?",ನೀವು ಯಾವ ವಿಭಾಗದ ಬಗ್ಗೆ ತಿಳಿಯಲು ಬಯಸುತ್ತೀರಿ?,Working literal gloss: Which department would you like to know about?,No omission established by desk review; native reviewer must verify every clause.,No added fact established by desk review; native reviewer must verify register and implications.,The sentence has been redrafted as a complete candidate; native reviewer must validate grammar.,No specific defect established; native review required.,Candidate uses revised Kannada ordering; native reviewer must compare it with the current construction.,Candidate targets consistent respectful kiosk language; approval is pending.,No specific defect established; native review required.,None; stored as a complete source value.,both,backend conversation templates/main → WebSocket → ChatScreen; TTS when emitted as assistant reply,ನೀವು ಯಾವ ವಿಭಾಗದ ಬಗ್ಗೆ ತಿಳಿದುಕೊಳ್ಳಲು ಬಯಸುತ್ತೀರಿ?,ನೀವು ಯಾವ ವಿಭಾಗದ ಬಗ್ಗೆ ತಿಳಿದುಕೊಳ್ಳಲು ಬಯಸುತ್ತೀರಿ?,YES,READY_FOR_NATIVE_REVIEW,YES,,,,
ui.clarification.hostel,backend/data/locales/ui.json#kn.clarification.hostel,3. Errors and clarifications,Clarification assistant turn — clarification.hostel,Would you like information about the girls’ hostel or the boys’ hostel?,"Communicate the complete English source meaning without omitting qualifiers, actions, names, numbers, fees, or acronyms: Would you like information about the girls’ hostel or the boys’ hostel?",ನಿಮಗೆ ಹುಡುಗಿಯರ ಹಾಸ್ಟೆಲ್ ಮಾಹಿತಿ ಬೇಕೇ ಅಥವಾ ಹುಡುಗರ ಹಾಸ್ಟೆಲ್ ಮಾಹಿತಿ ಬೇಕೇ?,Working literal gloss: Would you like information about the girls’ hostel or the boys’ hostel?,No omission established by desk review; native reviewer must verify every clause.,No added fact established by desk review; native reviewer must verify register and implications.,The sentence has been redrafted as a complete candidate; native reviewer must validate grammar.,No specific defect established; native review required.,Candidate uses revised Kannada ordering; native reviewer must compare it with the current construction.,Candidate targets consistent respectful kiosk language; approval is pending.,No specific defect established; native review required.,None; stored as a complete source value.,both,backend conversation templates/main → WebSocket → ChatScreen; TTS when emitted as assistant reply,ಬಾಲಕಿಯರ ಹಾಸ್ಟೆಲ್ ಅಥವಾ ಬಾಲಕರ ಹಾಸ್ಟೆಲ್ ಕುರಿತು ನಿಮಗೆ ಮಾಹಿತಿ ಬೇಕೇ?,ಬಾಲಕಿಯರ ಹಾಸ್ಟೆಲ್ ಅಥವಾ ಬಾಲಕರ ಹಾಸ್ಟೆಲ್ ಕುರಿತು ನಿಮಗೆ ಮಾಹಿತಿ ಬೇಕೇ?,YES,READY_FOR_NATIVE_REVIEW,YES,,,,
ui.clarification.small_talk,backend/data/locales/ui.json#kn.clarification.small_talk,3. Errors and clarifications,Clarification assistant turn — clarification.small_talk,I am here to help with campus questions. What would you like to know?,"Communicate the complete English source meaning without omitting qualifiers, actions, names, numbers, fees, or acronyms: I am here to help with campus questions. What would you like to know?",ಕ್ಯಾಂಪಸ್‌ಗೆ ಸಂಬಂಧಿಸಿದ ಪ್ರಶ್ನೆಗಳಿಗೆ ಸಹಾಯ ಮಾಡಲು ನಾನು ಇಲ್ಲಿದ್ದೇನೆ. ನಿಮಗೆ ಯಾವ ಮಾಹಿತಿ ಬೇಕು?,Working literal gloss: I am here to help with campus questions. What would you like to know?,No omission established by desk review; native reviewer must verify every clause.,No added fact established by desk review; native reviewer must verify register and implications.,The sentence has been redrafted as a complete candidate; native reviewer must validate grammar.,No specific defect established; native review required.,Candidate uses revised Kannada ordering; native reviewer must compare it with the current construction.,Candidate targets consistent respectful kiosk language; approval is pending.,No specific defect established; native review required.,None; stored as a complete source value.,both,backend conversation templates/main → WebSocket → ChatScreen; TTS when emitted as assistant reply,ಕ್ಯಾಂಪಸ್‌ಗೆ ಸಂಬಂಧಿಸಿದ ಪ್ರಶ್ನೆಗಳಿಗೆ ಸಹಾಯ ಮಾಡಲು ನಾನು ಇಲ್ಲಿದ್ದೇನೆ. ನೀವು ಏನನ್ನು ತಿಳಿದುಕೊಳ್ಳಲು ಬಯಸುತ್ತೀರಿ?,ಕ್ಯಾಂಪಸ್‌ಗೆ ಸಂಬಂಧಿಸಿದ ಪ್ರಶ್ನೆಗಳಿಗೆ ಸಹಾಯ ಮಾಡಲು ನಾನು ಇಲ್ಲಿದ್ದೇನೆ. ನೀವು ಏನನ್ನು ತಿಳಿದುಕೊಳ್ಳಲು ಬಯಸುತ್ತೀರಿ?,YES,READY_FOR_NATIVE_REVIEW,YES,,,,
ui.clarification.hod_department,backend/data/locales/ui.json#kn.clarification.hod_department,3. Errors and clarifications,Clarification assistant turn — clarification.hod_department,Please specify the department whose Head of Department you would like to know about.,"Communicate the complete English source meaning without omitting qualifiers, actions, names, numbers, fees, or acronyms: Please specify the department whose Head of Department you would like to know about.",ಯಾವ ವಿಭಾಗದ ವಿಭಾಗ ಮುಖ್ಯಸ್ಥರ ಬಗ್ಗೆ ತಿಳಿಯಬೇಕು ಎಂಬುದನ್ನು ದಯವಿಟ್ಟು ತಿಳಿಸಿ.,Working literal gloss: Please specify the department whose Head of Department you would like to know about.,No omission established by desk review; native reviewer must verify every clause.,No added fact established by desk review; native reviewer must verify register and implications.,The sentence has been redrafted as a complete candidate; native reviewer must validate grammar.,No specific defect established; native review required.,Candidate uses revised Kannada ordering; native reviewer must compare it with the current construction.,Candidate targets consistent respectful kiosk language; approval is pending.,No specific defect established; native review required.,None; stored as a complete source value.,both,backend conversation templates/main → WebSocket → ChatScreen; TTS when emitted as assistant reply,ನೀವು ಯಾವ ವಿಭಾಗದ ವಿಭಾಗ ಮುಖ್ಯಸ್ಥರ ಬಗ್ಗೆ ತಿಳಿದುಕೊಳ್ಳಲು ಬಯಸುತ್ತೀರಿ?,ನೀವು ಯಾವ ವಿಭಾಗದ ವಿಭಾಗ ಮುಖ್ಯಸ್ಥರ ಬಗ್ಗೆ ತಿಳಿದುಕೊಳ್ಳಲು ಬಯಸುತ್ತೀರಿ?,YES,READY_FOR_NATIVE_REVIEW,YES,,,,
ui.clarification.fees_department,backend/data/locales/ui.json#kn.clarification.fees_department,3. Errors and clarifications,Clarification assistant turn — clarification.fees_department,Please specify the department whose fee details you would like to view.,"Communicate the complete English source meaning without omitting qualifiers, actions, names, numbers, fees, or acronyms: Please specify the department whose fee details you would like to view.",ಯಾವ ವಿಭಾಗದ ಶುಲ್ಕದ ವಿವರಗಳನ್ನು ನೋಡಬೇಕು ಎಂಬುದನ್ನು ದಯವಿಟ್ಟು ತಿಳಿಸಿ.,Working literal gloss: Please specify the department whose fee details you would like to view.,No omission established by desk review; native reviewer must verify every clause.,No added fact established by desk review; native reviewer must verify register and implications.,The sentence has been redrafted as a complete candidate; native reviewer must validate grammar.,No specific defect established; native review required.,Candidate uses revised Kannada ordering; native reviewer must compare it with the current construction.,Candidate targets consistent respectful kiosk language; approval is pending.,No specific defect established; native review required.,None; stored as a complete source value.,both,backend conversation templates/main → WebSocket → ChatScreen; TTS when emitted as assistant reply,ನೀವು ಯಾವ ವಿಭಾಗದ ಶುಲ್ಕದ ವಿವರಗಳನ್ನು ನೋಡಲು ಬಯಸುತ್ತೀರಿ?,ನೀವು ಯಾವ ವಿಭಾಗದ ಶುಲ್ಕದ ವಿವರಗಳನ್ನು ನೋಡಲು ಬಯಸುತ್ತೀರಿ?,YES,READY_FOR_NATIVE_REVIEW,YES,,,,
ui.error.retry,backend/data/locales/ui.json#kn.error.retry,3. Errors and clarifications,Error assistant turn / browser speech recovery — error.retry,Please try again.,"Communicate the complete English source meaning without omitting qualifiers, actions, names, numbers, fees, or acronyms: Please try again.",ದಯವಿಟ್ಟು ಮತ್ತೆ ಪ್ರಯತ್ನಿಸಿ.,Working literal gloss: Please try again.,No omission established by desk review; native reviewer must verify every clause.,No added fact established by desk review; native reviewer must verify register and implications.,No specific defect established; native review required.,No specific defect established; native review required.,No specific defect established; native review required.,No specific defect established; native review required.,No specific defect established; native review required.,None; stored as a complete source value.,both,frontend useSpeechRecognition or backend failure path → ChatScreen; TTS where backend emits reply,ದಯವಿಟ್ಟು ಮತ್ತೆ ಪ್ರಯತ್ನಿಸಿ.,ದಯವಿಟ್ಟು ಮತ್ತೆ ಪ್ರಯತ್ನಿಸಿ.,YES,READY_FOR_NATIVE_REVIEW,NO,,,,
ui.error.no_speech,backend/data/locales/ui.json#kn.error.no_speech,3. Errors and clarifications,Error assistant turn / browser speech recovery — error.no_speech,I could not hear you clearly. Please say your question again.,"Communicate the complete English source meaning without omitting qualifiers, actions, names, numbers, fees, or acronyms: I could not hear you clearly. Please say your question again.",ನಿಮ್ಮ ಮಾತು ಸ್ಪಷ್ಟವಾಗಿ ಕೇಳಿಸಲಿಲ್ಲ. ದಯವಿಟ್ಟು ಪ್ರಶ್ನೆಯನ್ನು ಮತ್ತೆ ಹೇಳಿ.,Working literal gloss: I could not hear you clearly. Please say your question again.,No omission established by desk review; native reviewer must verify every clause.,No added fact established by desk review; native reviewer must verify register and implications.,The sentence has been redrafted as a complete candidate; native reviewer must validate grammar.,No specific defect established; native review required.,Candidate uses revised Kannada ordering; native reviewer must compare it with the current construction.,Candidate targets consistent respectful kiosk language; approval is pending.,No specific defect established; native review required.,None; stored as a complete source value.,both,frontend useSpeechRecognition or backend failure path → ChatScreen; TTS where backend emits reply,ನಿಮ್ಮ ಮಾತು ಸ್ಪಷ್ಟವಾಗಿ ಕೇಳಿಸಲಿಲ್ಲ. ದಯವಿಟ್ಟು ನಿಮ್ಮ ಪ್ರಶ್ನೆಯನ್ನು ಮತ್ತೆ ಹೇಳಿ.,ನಿಮ್ಮ ಮಾತು ಸ್ಪಷ್ಟವಾಗಿ ಕೇಳಿಸಲಿಲ್ಲ. ದಯವಿಟ್ಟು ನಿಮ್ಮ ಪ್ರಶ್ನೆಯನ್ನು ಮತ್ತೆ ಹೇಳಿ.,YES,READY_FOR_NATIVE_REVIEW,YES,,,,
ui.error.microphone_denied,backend/data/locales/ui.json#kn.error.microphone_denied,3. Errors and clarifications,Error assistant turn / browser speech recovery — error.microphone_denied,Microphone access was denied. Please allow microphone access or type your question.,"Communicate the complete English source meaning without omitting qualifiers, actions, names, numbers, fees, or acronyms: Microphone access was denied. Please allow microphone access or type your question.",ಮೈಕ್ರೊಫೋನ್ ಬಳಸಲು ಅನುಮತಿ ದೊರೆತಿಲ್ಲ. ದಯವಿಟ್ಟು ಅನುಮತಿ ನೀಡಿ ಅಥವಾ ಪ್ರಶ್ನೆಯನ್ನು ಟೈಪ್ ಮಾಡಿ.,Working literal gloss: Microphone access was denied. Please allow microphone access or type your question.,No omission established by desk review; native reviewer must verify every clause.,No added fact established by desk review; native reviewer must verify register and implications.,The sentence has been redrafted as a complete candidate; native reviewer must validate grammar.,No specific defect established; native review required.,Candidate uses revised Kannada ordering; native reviewer must compare it with the current construction.,Candidate targets consistent respectful kiosk language; approval is pending.,No specific defect established; native review required.,None; stored as a complete source value.,both,frontend useSpeechRecognition or backend failure path → ChatScreen; TTS where backend emits reply,ಮೈಕ್ರೊಫೋನ್ ಬಳಸುವ ಅನುಮತಿಯನ್ನು ನಿರಾಕರಿಸಲಾಗಿದೆ. ದಯವಿಟ್ಟು ಮೈಕ್ರೊಫೋನ್‌ಗೆ ಅನುಮತಿ ನೀಡಿ ಅಥವಾ ನಿಮ್ಮ ಪ್ರಶ್ನೆಯನ್ನು ಟೈಪ್ ಮಾಡಿ.,ಮೈಕ್ರೊಫೋನ್ ಬಳಸುವ ಅನುಮತಿಯನ್ನು ನಿರಾಕರಿಸಲಾಗಿದೆ. ದಯವಿಟ್ಟು ಮೈಕ್ರೊಫೋನ್‌ಗೆ ಅನುಮತಿ ನೀಡಿ ಅಥವಾ ನಿಮ್ಮ ಪ್ರಶ್ನೆಯನ್ನು ಟೈಪ್ ಮಾಡಿ.,YES,READY_FOR_NATIVE_REVIEW,YES,,,,
ui.error.microphone_missing,backend/data/locales/ui.json#kn.error.microphone_missing,3. Errors and clarifications,Error assistant turn / browser speech recovery — error.microphone_missing,No microphone was found. Please type your question.,"Communicate the complete English source meaning without omitting qualifiers, actions, names, numbers, fees, or acronyms: No microphone was found. Please type your question.",ಮೈಕ್ರೊಫೋನ್ ಕಂಡುಬಂದಿಲ್ಲ. ದಯವಿಟ್ಟು ಪ್ರಶ್ನೆಯನ್ನು ಟೈಪ್ ಮಾಡಿ.,Working literal gloss: No microphone was found. Please type your question.,No omission established by desk review; native reviewer must verify every clause.,No added fact established by desk review; native reviewer must verify register and implications.,The sentence has been redrafted as a complete candidate; native reviewer must validate grammar.,No specific defect established; native review required.,Candidate uses revised Kannada ordering; native reviewer must compare it with the current construction.,Candidate targets consistent respectful kiosk language; approval is pending.,No specific defect established; native review required.,None; stored as a complete source value.,both,frontend useSpeechRecognition or backend failure path → ChatScreen; TTS where backend emits reply,ಮೈಕ್ರೊಫೋನ್ ಕಂಡುಬಂದಿಲ್ಲ. ದಯವಿಟ್ಟು ನಿಮ್ಮ ಪ್ರಶ್ನೆಯನ್ನು ಟೈಪ್ ಮಾಡಿ.,ಮೈಕ್ರೊಫೋನ್ ಕಂಡುಬಂದಿಲ್ಲ. ದಯವಿಟ್ಟು ನಿಮ್ಮ ಪ್ರಶ್ನೆಯನ್ನು ಟೈಪ್ ಮಾಡಿ.,YES,READY_FOR_NATIVE_REVIEW,YES,,,,
ui.error.microphone_blocked,backend/data/locales/ui.json#kn.error.microphone_blocked,3. Errors and clarifications,Error assistant turn / browser speech recovery — error.microphone_blocked,The browser blocked voice input. Please allow microphone access or type your question.,"Communicate the complete English source meaning without omitting qualifiers, actions, names, numbers, fees, or acronyms: The browser blocked voice input. Please allow microphone access or type your question.",ಬ್ರೌಸರ್ ಧ್ವನಿ ಇನ್‌ಪುಟ್ ಅನ್ನು ನಿರ್ಬಂಧಿಸಿದೆ. ದಯವಿಟ್ಟು ಮೈಕ್ರೊಫೋನ್‌ಗೆ ಅನುಮತಿ ನೀಡಿ ಅಥವಾ ಪ್ರಶ್ನೆಯನ್ನು ಟೈಪ್ ಮಾಡಿ.,Working literal gloss: The browser blocked voice input. Please allow microphone access or type your question.,No omission established by desk review; native reviewer must verify every clause.,No added fact established by desk review; native reviewer must verify register and implications.,The sentence has been redrafted as a complete candidate; native reviewer must validate grammar.,No specific defect established; native review required.,Candidate uses revised Kannada ordering; native reviewer must compare it with the current construction.,Candidate targets consistent respectful kiosk language; approval is pending.,No specific defect established; native review required.,None; stored as a complete source value.,both,frontend useSpeechRecognition or backend failure path → ChatScreen; TTS where backend emits reply,ಬ್ರೌಸರ್ ಧ್ವನಿ ಇನ್‌ಪುಟ್ ಅನ್ನು ನಿರ್ಬಂಧಿಸಿದೆ. ದಯವಿಟ್ಟು ಮೈಕ್ರೊಫೋನ್‌ಗೆ ಅನುಮತಿ ನೀಡಿ ಅಥವಾ ನಿಮ್ಮ ಪ್ರಶ್ನೆಯನ್ನು ಟೈಪ್ ಮಾಡಿ.,ಬ್ರೌಸರ್ ಧ್ವನಿ ಇನ್‌ಪುಟ್ ಅನ್ನು ನಿರ್ಬಂಧಿಸಿದೆ. ದಯವಿಟ್ಟು ಮೈಕ್ರೊಫೋನ್‌ಗೆ ಅನುಮತಿ ನೀಡಿ ಅಥವಾ ನಿಮ್ಮ ಪ್ರಶ್ನೆಯನ್ನು ಟೈಪ್ ಮಾಡಿ.,YES,READY_FOR_NATIVE_REVIEW,YES,,,,
ui.error.microphone_start,backend/data/locales/ui.json#kn.error.microphone_start,3. Errors and clarifications,Error assistant turn / browser speech recovery — error.microphone_start,The microphone could not be started. Please try again or type your question.,"Communicate the complete English source meaning without omitting qualifiers, actions, names, numbers, fees, or acronyms: The microphone could not be started. Please try again or type your question.",ಮೈಕ್ರೊಫೋನ್ ಅನ್ನು ಪ್ರಾರಂಭಿಸಲಾಗಲಿಲ್ಲ. ದಯವಿಟ್ಟು ಮತ್ತೆ ಪ್ರಯತ್ನಿಸಿ ಅಥವಾ ಪ್ರಶ್ನೆಯನ್ನು ಟೈಪ್ ಮಾಡಿ.,Working literal gloss: The microphone could not be started. Please try again or type your question.,No omission established by desk review; native reviewer must verify every clause.,No added fact established by desk review; native reviewer must verify register and implications.,The sentence has been redrafted as a complete candidate; native reviewer must validate grammar.,No specific defect established; native review required.,Candidate uses revised Kannada ordering; native reviewer must compare it with the current construction.,Candidate targets consistent respectful kiosk language; approval is pending.,No specific defect established; native review required.,None; stored as a complete source value.,both,frontend useSpeechRecognition or backend failure path → ChatScreen; TTS where backend emits reply,ಮೈಕ್ರೊಫೋನ್ ಅನ್ನು ಪ್ರಾರಂಭಿಸಲಾಗಲಿಲ್ಲ. ದಯವಿಟ್ಟು ಮತ್ತೆ ಪ್ರಯತ್ನಿಸಿ ಅಥವಾ ನಿಮ್ಮ ಪ್ರಶ್ನೆಯನ್ನು ಟೈಪ್ ಮಾಡಿ.,ಮೈಕ್ರೊಫೋನ್ ಅನ್ನು ಪ್ರಾರಂಭಿಸಲಾಗಲಿಲ್ಲ. ದಯವಿಟ್ಟು ಮತ್ತೆ ಪ್ರಯತ್ನಿಸಿ ಅಥವಾ ನಿಮ್ಮ ಪ್ರಶ್ನೆಯನ್ನು ಟೈಪ್ ಮಾಡಿ.,YES,READY_FOR_NATIVE_REVIEW,YES,,,,
ui.error.voice_unsupported,backend/data/locales/ui.json#kn.error.voice_unsupported,3. Errors and clarifications,Error assistant turn / browser speech recovery — error.voice_unsupported,"Voice input is not supported in this browser. Please use Chrome or Edge, or type your question.","Communicate the complete English source meaning without omitting qualifiers, actions, names, numbers, fees, or acronyms: Voice input is not supported in this browser. Please use Chrome or Edge, or type your question.","ಈ ಬ್ರೌಸರ್‌ನಲ್ಲಿ ಧ್ವನಿ ಇನ್‌ಪುಟ್ ಲಭ್ಯವಿಲ್ಲ. ದಯವಿಟ್ಟು Chrome ಅಥವಾ Edge ಬಳಸಿ, ಇಲ್ಲವೇ ಪ್ರಶ್ನೆಯನ್ನು ಟೈಪ್ ಮಾಡಿ.","Working literal gloss: Voice input is not supported in this browser. Please use Chrome or Edge, or type your question.",No omission established by desk review; native reviewer must verify every clause.,No added fact established by desk review; native reviewer must verify register and implications.,The sentence has been redrafted as a complete candidate; native reviewer must validate grammar.,No specific defect established; native review required.,Candidate uses revised Kannada ordering; native reviewer must compare it with the current construction.,Candidate targets consistent respectful kiosk language; approval is pending.,No specific defect established; native review required.,None; stored as a complete source value.,both,frontend useSpeechRecognition or backend failure path → ChatScreen; TTS where backend emits reply,ಈ ಬ್ರೌಸರ್‌ನಲ್ಲಿ ಧ್ವನಿ ಇನ್‌ಪುಟ್‌ಗೆ ಬೆಂಬಲವಿಲ್ಲ. ದಯವಿಟ್ಟು Chrome ಅಥವಾ Edge ಬಳಸಿ; ಇಲ್ಲವಾದರೆ ನಿಮ್ಮ ಪ್ರಶ್ನೆಯನ್ನು ಟೈಪ್ ಮಾಡಿ.,ಈ ಬ್ರೌಸರ್‌ನಲ್ಲಿ ಧ್ವನಿ ಇನ್‌ಪುಟ್‌ಗೆ ಬೆಂಬಲವಿಲ್ಲ. ದಯವಿಟ್ಟು Chrome ಅಥವಾ Edge ಬಳಸಿ; ಇಲ್ಲವಾದರೆ ನಿಮ್ಮ ಪ್ರಶ್ನೆಯನ್ನು ಟೈಪ್ ಮಾಡಿ.,YES,READY_FOR_NATIVE_REVIEW,YES,,,,
ui.error.voice_failed,backend/data/locales/ui.json#kn.error.voice_failed,3. Errors and clarifications,Error assistant turn / browser speech recovery — error.voice_failed,Voice input failed. Please try again or type your question.,"Communicate the complete English source meaning without omitting qualifiers, actions, names, numbers, fees, or acronyms: Voice input failed. Please try again or type your question.",ಧ್ವನಿ ಇನ್‌ಪುಟ್ ವಿಫಲವಾಗಿದೆ. ದಯವಿಟ್ಟು ಮತ್ತೆ ಪ್ರಯತ್ನಿಸಿ ಅಥವಾ ಪ್ರಶ್ನೆಯನ್ನು ಟೈಪ್ ಮಾಡಿ.,Working literal gloss: Voice input failed. Please try again or type your question.,No omission established by desk review; native reviewer must verify every clause.,No added fact established by desk review; native reviewer must verify register and implications.,The sentence has been redrafted as a complete candidate; native reviewer must validate grammar.,No specific defect established; native review required.,Candidate uses revised Kannada ordering; native reviewer must compare it with the current construction.,Candidate targets consistent respectful kiosk language; approval is pending.,No specific defect established; native review required.,None; stored as a complete source value.,both,frontend useSpeechRecognition or backend failure path → ChatScreen; TTS where backend emits reply,ಧ್ವನಿ ಇನ್‌ಪುಟ್ ವಿಫಲವಾಗಿದೆ. ದಯವಿಟ್ಟು ಮತ್ತೆ ಪ್ರಯತ್ನಿಸಿ ಅಥವಾ ನಿಮ್ಮ ಪ್ರಶ್ನೆಯನ್ನು ಟೈಪ್ ಮಾಡಿ.,ಧ್ವನಿ ಇನ್‌ಪುಟ್ ವಿಫಲವಾಗಿದೆ. ದಯವಿಟ್ಟು ಮತ್ತೆ ಪ್ರಯತ್ನಿಸಿ ಅಥವಾ ನಿಮ್ಮ ಪ್ರಶ್ನೆಯನ್ನು ಟೈಪ್ ಮಾಡಿ.,YES,READY_FOR_NATIVE_REVIEW,YES,,,,
ui.error.voice_timeout,backend/data/locales/ui.json#kn.error.voice_timeout,3. Errors and clarifications,Error assistant turn / browser speech recovery — error.voice_timeout,Voice recognition timed out. Please try again or type your question.,"Communicate the complete English source meaning without omitting qualifiers, actions, names, numbers, fees, or acronyms: Voice recognition timed out. Please try again or type your question.",ಧ್ವನಿ ಗುರುತಿಸುವಿಕೆ ಸಮಯ ಮೀರಿದೆ. ದಯವಿಟ್ಟು ಮತ್ತೆ ಪ್ರಯತ್ನಿಸಿ ಅಥವಾ ಪ್ರಶ್ನೆಯನ್ನು ಟೈಪ್ ಮಾಡಿ.,Working literal gloss: Voice recognition timed out. Please try again or type your question.,No omission established by desk review; native reviewer must verify every clause.,No added fact established by desk review; native reviewer must verify register and implications.,The sentence has been redrafted as a complete candidate; native reviewer must validate grammar.,No specific defect established; native review required.,Candidate uses revised Kannada ordering; native reviewer must compare it with the current construction.,Candidate targets consistent respectful kiosk language; approval is pending.,No specific defect established; native review required.,None; stored as a complete source value.,both,frontend useSpeechRecognition or backend failure path → ChatScreen; TTS where backend emits reply,ಧ್ವನಿ ಗುರುತಿಸುವಿಕೆಯ ಸಮಯ ಮೀರಿದೆ. ದಯವಿಟ್ಟು ಮತ್ತೆ ಪ್ರಯತ್ನಿಸಿ ಅಥವಾ ನಿಮ್ಮ ಪ್ರಶ್ನೆಯನ್ನು ಟೈಪ್ ಮಾಡಿ.,ಧ್ವನಿ ಗುರುತಿಸುವಿಕೆಯ ಸಮಯ ಮೀರಿದೆ. ದಯವಿಟ್ಟು ಮತ್ತೆ ಪ್ರಯತ್ನಿಸಿ ಅಥವಾ ನಿಮ್ಮ ಪ್ರಶ್ನೆಯನ್ನು ಟೈಪ್ ಮಾಡಿ.,YES,READY_FOR_NATIVE_REVIEW,YES,,,,
ui.error.voice_unrecognized,backend/data/locales/ui.json#kn.error.voice_unrecognized,3. Errors and clarifications,Error assistant turn / browser speech recovery — error.voice_unrecognized,I could not understand the audio. Please try again or type your question.,"Communicate the complete English source meaning without omitting qualifiers, actions, names, numbers, fees, or acronyms: I could not understand the audio. Please try again or type your question.",ಧ್ವನಿಯನ್ನು ಅರ್ಥಮಾಡಿಕೊಳ್ಳಲಾಗಲಿಲ್ಲ. ದಯವಿಟ್ಟು ಮತ್ತೆ ಪ್ರಯತ್ನಿಸಿ ಅಥವಾ ಪ್ರಶ್ನೆಯನ್ನು ಟೈಪ್ ಮಾಡಿ.,Working literal gloss: I could not understand the audio. Please try again or type your question.,No omission established by desk review; native reviewer must verify every clause.,No added fact established by desk review; native reviewer must verify register and implications.,The sentence has been redrafted as a complete candidate; native reviewer must validate grammar.,No specific defect established; native review required.,Candidate uses revised Kannada ordering; native reviewer must compare it with the current construction.,Candidate targets consistent respectful kiosk language; approval is pending.,No specific defect established; native review required.,None; stored as a complete source value.,both,frontend useSpeechRecognition or backend failure path → ChatScreen; TTS where backend emits reply,ಧ್ವನಿಯನ್ನು ಅರ್ಥಮಾಡಿಕೊಳ್ಳಲಾಗಲಿಲ್ಲ. ದಯವಿಟ್ಟು ಮತ್ತೆ ಪ್ರಯತ್ನಿಸಿ ಅಥವಾ ನಿಮ್ಮ ಪ್ರಶ್ನೆಯನ್ನು ಟೈಪ್ ಮಾಡಿ.,ಧ್ವನಿಯನ್ನು ಅರ್ಥಮಾಡಿಕೊಳ್ಳಲಾಗಲಿಲ್ಲ. ದಯವಿಟ್ಟು ಮತ್ತೆ ಪ್ರಯತ್ನಿಸಿ ಅಥವಾ ನಿಮ್ಮ ಪ್ರಶ್ನೆಯನ್ನು ಟೈಪ್ ಮಾಡಿ.,YES,READY_FOR_NATIVE_REVIEW,YES,,,,
ui.error.network,backend/data/locales/ui.json#kn.error.network,3. Errors and clarifications,Error assistant turn / browser speech recovery — error.network,"Voice recognition could not reach the speech service. Check the internet connection, then try again.","Communicate the complete English source meaning without omitting qualifiers, actions, names, numbers, fees, or acronyms: Voice recognition could not reach the speech service. Check the internet connection, then try again.","ಧ್ವನಿ ಸೇವೆಯನ್ನು ಸಂಪರ್ಕಿಸಲಾಗಲಿಲ್ಲ. ಇಂಟರ್ನೆಟ್ ಸಂಪರ್ಕವನ್ನು ಪರಿಶೀಲಿಸಿ, ನಂತರ ಮತ್ತೆ ಪ್ರಯತ್ನಿಸಿ.","Working literal gloss: Voice recognition could not reach the speech service. Check the internet connection, then try again.",No omission established by desk review; native reviewer must verify every clause.,No added fact established by desk review; native reviewer must verify register and implications.,The sentence has been redrafted as a complete candidate; native reviewer must validate grammar.,No specific defect established; native review required.,Candidate uses revised Kannada ordering; native reviewer must compare it with the current construction.,Candidate targets consistent respectful kiosk language; approval is pending.,No specific defect established; native review required.,None; stored as a complete source value.,both,frontend useSpeechRecognition or backend failure path → ChatScreen; TTS where backend emits reply,ಧ್ವನಿ ಗುರುತಿಸುವಿಕೆ ಸೇವೆಯನ್ನು ಸಂಪರ್ಕಿಸಲಾಗಲಿಲ್ಲ. ಇಂಟರ್ನೆಟ್ ಸಂಪರ್ಕವನ್ನು ಪರಿಶೀಲಿಸಿ; ನಂತರ ಮತ್ತೆ ಪ್ರಯತ್ನಿಸಿ.,ಧ್ವನಿ ಗುರುತಿಸುವಿಕೆ ಸೇವೆಯನ್ನು ಸಂಪರ್ಕಿಸಲಾಗಲಿಲ್ಲ. ಇಂಟರ್ನೆಟ್ ಸಂಪರ್ಕವನ್ನು ಪರಿಶೀಲಿಸಿ; ನಂತರ ಮತ್ತೆ ಪ್ರಯತ್ನಿಸಿ.,YES,READY_FOR_NATIVE_REVIEW,YES,,,,
ui.error.offline,backend/data/locales/ui.json#kn.error.offline,3. Errors and clarifications,Error assistant turn / browser speech recovery — error.offline,"The kiosk is offline. Connect to the internet, then try again.","Communicate the complete English source meaning without omitting qualifiers, actions, names, numbers, fees, or acronyms: The kiosk is offline. Connect to the internet, then try again.",ಕಿಯೋಸ್ಕ್ ಆಫ್‌ಲೈನ್‌ನಲ್ಲಿದೆ. ಇಂಟರ್ನೆಟ್‌ಗೆ ಸಂಪರ್ಕಿಸಿದ ನಂತರ ಮತ್ತೆ ಪ್ರಯತ್ನಿಸಿ.,"Working literal gloss: The kiosk is offline. Connect to the internet, then try again.",No omission established by desk review; native reviewer must verify every clause.,No added fact established by desk review; native reviewer must verify register and implications.,No specific defect established; native review required.,No specific defect established; native review required.,No specific defect established; native review required.,No specific defect established; native review required.,No specific defect established; native review required.,None; stored as a complete source value.,both,frontend useSpeechRecognition or backend failure path → ChatScreen; TTS where backend emits reply,ಕಿಯೋಸ್ಕ್ ಆಫ್‌ಲೈನ್‌ನಲ್ಲಿದೆ. ಇಂಟರ್ನೆಟ್‌ಗೆ ಸಂಪರ್ಕಿಸಿದ ನಂತರ ಮತ್ತೆ ಪ್ರಯತ್ನಿಸಿ.,ಕಿಯೋಸ್ಕ್ ಆಫ್‌ಲೈನ್‌ನಲ್ಲಿದೆ. ಇಂಟರ್ನೆಟ್‌ಗೆ ಸಂಪರ್ಕಿಸಿದ ನಂತರ ಮತ್ತೆ ಪ್ರಯತ್ನಿಸಿ.,YES,READY_FOR_NATIVE_REVIEW,NO,,,,
ui.error.backend,backend/data/locales/ui.json#kn.error.backend,3. Errors and clarifications,Error assistant turn / browser speech recovery — error.backend,The service is temporarily unavailable. Please try again.,"Communicate the complete English source meaning without omitting qualifiers, actions, names, numbers, fees, or acronyms: The service is temporarily unavailable. Please try again.",ಸೇವೆಯು ತಾತ್ಕಾಲಿಕವಾಗಿ ಲಭ್ಯವಿಲ್ಲ. ದಯವಿಟ್ಟು ಮತ್ತೆ ಪ್ರಯತ್ನಿಸಿ.,Working literal gloss: The service is temporarily unavailable. Please try again.,No omission established by desk review; native reviewer must verify every clause.,No added fact established by desk review; native reviewer must verify register and implications.,The sentence has been redrafted as a complete candidate; native reviewer must validate grammar.,No specific defect established; native review required.,Candidate uses revised Kannada ordering; native reviewer must compare it with the current construction.,Candidate targets consistent respectful kiosk language; approval is pending.,No specific defect established; native review required.,None; stored as a complete source value.,both,frontend useSpeechRecognition or backend failure path → ChatScreen; TTS where backend emits reply,ಸೇವೆ ತಾತ್ಕಾಲಿಕವಾಗಿ ಲಭ್ಯವಿಲ್ಲ. ದಯವಿಟ್ಟು ಮತ್ತೆ ಪ್ರಯತ್ನಿಸಿ.,ಸೇವೆ ತಾತ್ಕಾಲಿಕವಾಗಿ ಲಭ್ಯವಿಲ್ಲ. ದಯವಿಟ್ಟು ಮತ್ತೆ ಪ್ರಯತ್ನಿಸಿ.,YES,READY_FOR_NATIVE_REVIEW,YES,,,,
ui.error.empty_response,backend/data/locales/ui.json#kn.error.empty_response,3. Errors and clarifications,Error assistant turn / browser speech recovery — error.empty_response,I could not prepare a response. Please try again.,"Communicate the complete English source meaning without omitting qualifiers, actions, names, numbers, fees, or acronyms: I could not prepare a response. Please try again.",ಉತ್ತರವನ್ನು ಸಿದ್ಧಪಡಿಸಲಾಗಲಿಲ್ಲ. ದಯವಿಟ್ಟು ಮತ್ತೆ ಪ್ರಯತ್ನಿಸಿ.,Working literal gloss: I could not prepare a response. Please try again.,No omission established by desk review; native reviewer must verify every clause.,No added fact established by desk review; native reviewer must verify register and implications.,No specific defect established; native review required.,No specific defect established; native review required.,No specific defect established; native review required.,No specific defect established; native review required.,No specific defect established; native review required.,None; stored as a complete source value.,both,frontend useSpeechRecognition or backend failure path → ChatScreen; TTS where backend emits reply,ಉತ್ತರವನ್ನು ಸಿದ್ಧಪಡಿಸಲಾಗಲಿಲ್ಲ. ದಯವಿಟ್ಟು ಮತ್ತೆ ಪ್ರಯತ್ನಿಸಿ.,ಉತ್ತರವನ್ನು ಸಿದ್ಧಪಡಿಸಲಾಗಲಿಲ್ಲ. ದಯವಿಟ್ಟು ಮತ್ತೆ ಪ್ರಯತ್ನಿಸಿ.,YES,READY_FOR_NATIVE_REVIEW,NO,,,,
ui.error.invalid_request,backend/data/locales/ui.json#kn.error.invalid_request,3. Errors and clarifications,Error assistant turn / browser speech recovery — error.invalid_request,The request could not be processed. Please try again.,"Communicate the complete English source meaning without omitting qualifiers, actions, names, numbers, fees, or acronyms: The request could not be processed. Please try again.",ವಿನಂತಿಯನ್ನು ಪ್ರಕ್ರಿಯೆಗೊಳಿಸಲಾಗಲಿಲ್ಲ. ದಯವಿಟ್ಟು ಮತ್ತೆ ಪ್ರಯತ್ನಿಸಿ.,Working literal gloss: The request could not be processed. Please try again.,No omission established by desk review; native reviewer must verify every clause.,No added fact established by desk review; native reviewer must verify register and implications.,No specific defect established; native review required.,No specific defect established; native review required.,No specific defect established; native review required.,No specific defect established; native review required.,No specific defect established; native review required.,None; stored as a complete source value.,both,frontend useSpeechRecognition or backend failure path → ChatScreen; TTS where backend emits reply,ವಿನಂತಿಯನ್ನು ಪ್ರಕ್ರಿಯೆಗೊಳಿಸಲಾಗಲಿಲ್ಲ. ದಯವಿಟ್ಟು ಮತ್ತೆ ಪ್ರಯತ್ನಿಸಿ.,ವಿನಂತಿಯನ್ನು ಪ್ರಕ್ರಿಯೆಗೊಳಿಸಲಾಗಲಿಲ್ಲ. ದಯವಿಟ್ಟು ಮತ್ತೆ ಪ್ರಯತ್ನಿಸಿ.,YES,READY_FOR_NATIVE_REVIEW,NO,,,,
ui.error.missing_text,backend/data/locales/ui.json#kn.error.missing_text,3. Errors and clarifications,Error assistant turn / browser speech recovery — error.missing_text,Please type or say a question.,"Communicate the complete English source meaning without omitting qualifiers, actions, names, numbers, fees, or acronyms: Please type or say a question.",ದಯವಿಟ್ಟು ಪ್ರಶ್ನೆಯನ್ನು ಹೇಳಿ ಅಥವಾ ಟೈಪ್ ಮಾಡಿ.,Working literal gloss: Please type or say a question.,No omission established by desk review; native reviewer must verify every clause.,No added fact established by desk review; native reviewer must verify register and implications.,The sentence has been redrafted as a complete candidate; native reviewer must validate grammar.,No specific defect established; native review required.,Candidate uses revised Kannada ordering; native reviewer must compare it with the current construction.,Candidate targets consistent respectful kiosk language; approval is pending.,No specific defect established; native review required.,None; stored as a complete source value.,both,frontend useSpeechRecognition or backend failure path → ChatScreen; TTS where backend emits reply,ದಯವಿಟ್ಟು ನಿಮ್ಮ ಪ್ರಶ್ನೆಯನ್ನು ಹೇಳಿ ಅಥವಾ ಟೈಪ್ ಮಾಡಿ.,ದಯವಿಟ್ಟು ನಿಮ್ಮ ಪ್ರಶ್ನೆಯನ್ನು ಹೇಳಿ ಅಥವಾ ಟೈಪ್ ಮಾಡಿ.,YES,READY_FOR_NATIVE_REVIEW,YES,,,,
ui.error.audio_unavailable,backend/data/locales/ui.json#kn.error.audio_unavailable,3. Errors and clarifications,Error assistant turn / browser speech recovery — error.audio_unavailable,Voice output is temporarily unavailable. The information remains available on screen.,"Communicate the complete English source meaning without omitting qualifiers, actions, names, numbers, fees, or acronyms: Voice output is temporarily unavailable. The information remains available on screen.",ಧ್ವನಿ ಸೇವೆ ತಾತ್ಕಾಲಿಕವಾಗಿ ಲಭ್ಯವಿಲ್ಲ. ಮಾಹಿತಿ ಪರದೆಯಲ್ಲಿ ಲಭ್ಯವಿದೆ.,Working literal gloss: Voice output is temporarily unavailable. The information remains available on screen.,No omission established by desk review; native reviewer must verify every clause.,No added fact established by desk review; native reviewer must verify register and implications.,The sentence has been redrafted as a complete candidate; native reviewer must validate grammar.,No specific defect established; native review required.,Candidate uses revised Kannada ordering; native reviewer must compare it with the current construction.,Candidate targets consistent respectful kiosk language; approval is pending.,No specific defect established; native review required.,None; stored as a complete source value.,both,frontend useSpeechRecognition or backend failure path → ChatScreen; TTS where backend emits reply,ಧ್ವನಿ ಮೂಲಕ ಉತ್ತರ ನೀಡುವ ಸೌಲಭ್ಯವು ತಾತ್ಕಾಲಿಕವಾಗಿ ಲಭ್ಯವಿಲ್ಲ. ಮಾಹಿತಿ ಪರದೆಯಲ್ಲಿ ಲಭ್ಯವಿದೆ.,ಧ್ವನಿ ಮೂಲಕ ಉತ್ತರ ನೀಡುವ ಸೌಲಭ್ಯವು ತಾತ್ಕಾಲಿಕವಾಗಿ ಲಭ್ಯವಿಲ್ಲ. ಮಾಹಿತಿ ಪರದೆಯಲ್ಲಿ ಲಭ್ಯವಿದೆ.,YES,READY_FOR_NATIVE_REVIEW,YES,,,,
ui.availability.official_fact_blocked,backend/data/locales/ui.json#kn.availability.official_fact_blocked,3. Errors and clarifications,Unavailable-information assistant turn — availability.official_fact_blocked,"This information has not yet been officially confirmed.
Please contact the relevant department for more information.","Communicate the complete English source meaning without omitting qualifiers, actions, names, numbers, fees, or acronyms: This information has not yet been officially confirmed.
Please contact the relevant department for more information.","ಈ ಮಾಹಿತಿಯನ್ನು ಇನ್ನೂ ಅಧಿಕೃತವಾಗಿ ದೃಢೀಕರಿಸಲಾಗಿಲ್ಲ.
ಹೆಚ್ಚಿನ ಮಾಹಿತಿಗಾಗಿ ಸಂಬಂಧಿತ ವಿಭಾಗವನ್ನು ಸಂಪರ್ಕಿಸಿ.","Working literal gloss: This information has not yet been officially confirmed.
Please contact the relevant department for more information.",No omission established by desk review; native reviewer must verify every clause.,No added fact established by desk review; native reviewer must verify register and implications.,No specific defect established; native review required.,No specific defect established; native review required.,No specific defect established; native review required.,No specific defect established; native review required.,No specific defect established; native review required.,None; stored as a complete source value.,both,backend/frontend fail-closed adapters → ChatScreen/card; TTS blocker narration,"ಈ ಮಾಹಿತಿಯನ್ನು ಇನ್ನೂ ಅಧಿಕೃತವಾಗಿ ದೃಢೀಕರಿಸಲಾಗಿಲ್ಲ.
ಹೆಚ್ಚಿನ ಮಾಹಿತಿಗಾಗಿ ಸಂಬಂಧಿತ ವಿಭಾಗವನ್ನು ಸಂಪರ್ಕಿಸಿ.",ಈ ಮಾಹಿತಿಯನ್ನು ಇನ್ನೂ ಅಧಿಕೃತವಾಗಿ ದೃಢೀಕರಿಸಲಾಗಿಲ್ಲ. ಹೆಚ್ಚಿನ ಮಾಹಿತಿಗಾಗಿ ಸಂಬಂಧಿತ ವಿಭಾಗವನ್ನು ಸಂಪರ್ಕಿಸಿ.,YES,READY_FOR_NATIVE_REVIEW,NO,,,,
ui.availability.unknown,backend/data/locales/ui.json#kn.availability.unknown,3. Errors and clarifications,Unavailable-information assistant turn — availability.unknown,"I do not currently have reliable information about that. I can help with admissions, departments, placements, fees, facilities, and campus information.","Communicate the complete English source meaning without omitting qualifiers, actions, names, numbers, fees, or acronyms: I do not currently have reliable information about that. I can help with admissions, departments, placements, fees, facilities, and campus information.","ಆ ವಿಷಯದ ಬಗ್ಗೆ ವಿಶ್ವಾಸಾರ್ಹ ಮಾಹಿತಿ ಈಗ ಲಭ್ಯವಿಲ್ಲ. ಪ್ರವೇಶಾತಿ, ವಿಭಾಗಗಳು, ಪ್ಲೇಸ್‌ಮೆಂಟ್, ಶುಲ್ಕ, ಸೌಲಭ್ಯಗಳು ಮತ್ತು ಕ್ಯಾಂಪಸ್ ಮಾಹಿತಿಯಲ್ಲಿ ನಾನು ಸಹಾಯ ಮಾಡಬಲ್ಲೆ.","Working literal gloss: I do not currently have reliable information about that. I can help with admissions, departments, placements, fees, facilities, and campus information.",No omission established by desk review; native reviewer must verify every clause.,No added fact established by desk review; native reviewer must verify register and implications.,The sentence has been redrafted as a complete candidate; native reviewer must validate grammar.,No specific defect established; native review required.,Candidate uses revised Kannada ordering; native reviewer must compare it with the current construction.,Candidate targets consistent respectful kiosk language; approval is pending.,No specific defect established; native review required.,None; stored as a complete source value.,both,backend/frontend fail-closed adapters → ChatScreen/card; TTS blocker narration,"ಆ ವಿಷಯದ ಬಗ್ಗೆ ವಿಶ್ವಾಸಾರ್ಹ ಮಾಹಿತಿ ಈಗ ನನ್ನ ಬಳಿ ಇಲ್ಲ. ಪ್ರವೇಶಾತಿ, ವಿಭಾಗಗಳು, ಪ್ಲೇಸ್‌ಮೆಂಟ್‌ಗಳು, ಶುಲ್ಕ, ಸೌಲಭ್ಯಗಳು ಮತ್ತು ಕ್ಯಾಂಪಸ್ ಮಾಹಿತಿಯ ಕುರಿತು ನಾನು ಸಹಾಯ ಮಾಡಬಲ್ಲೆ.","ಆ ವಿಷಯದ ಬಗ್ಗೆ ವಿಶ್ವಾಸಾರ್ಹ ಮಾಹಿತಿ ಈಗ ನನ್ನ ಬಳಿ ಇಲ್ಲ. ಪ್ರವೇಶಾತಿ, ವಿಭಾಗಗಳು, ಪ್ಲೇಸ್‌ಮೆಂಟ್‌ಗಳು, ಶುಲ್ಕ, ಸೌಲಭ್ಯಗಳು ಮತ್ತು ಕ್ಯಾಂಪಸ್ ಮಾಹಿತಿಯ ಕುರಿತು ನಾನು ಸಹಾಯ ಮಾಡಬಲ್ಲೆ.",YES,READY_FOR_NATIVE_REVIEW,YES,,,,
ui.availability.missing_source,backend/data/locales/ui.json#kn.availability.missing_source,3. Errors and clarifications,Unavailable-information assistant turn — availability.missing_source,"This information is not available in the approved source.
Please contact the relevant department for more information.","Communicate the complete English source meaning without omitting qualifiers, actions, names, numbers, fees, or acronyms: This information is not available in the approved source.
Please contact the relevant department for more information.","ಅನುಮೋದಿತ ಮೂಲದಲ್ಲಿ ಈ ಮಾಹಿತಿ ಲಭ್ಯವಿಲ್ಲ.
ಹೆಚ್ಚಿನ ಮಾಹಿತಿಗಾಗಿ ಸಂಬಂಧಿತ ವಿಭಾಗವನ್ನು ಸಂಪರ್ಕಿಸಿ.","Working literal gloss: This information is not available in the approved source.
Please contact the relevant department for more information.",No omission established by desk review; native reviewer must verify every clause.,No added fact established by desk review; native reviewer must verify register and implications.,No specific defect established; native review required.,No specific defect established; native review required.,No specific defect established; native review required.,No specific defect established; native review required.,No specific defect established; native review required.,None; stored as a complete source value.,both,backend/frontend fail-closed adapters → ChatScreen/card; TTS blocker narration,"ಅನುಮೋದಿತ ಮೂಲದಲ್ಲಿ ಈ ಮಾಹಿತಿ ಲಭ್ಯವಿಲ್ಲ.
ಹೆಚ್ಚಿನ ಮಾಹಿತಿಗಾಗಿ ಸಂಬಂಧಿತ ವಿಭಾಗವನ್ನು ಸಂಪರ್ಕಿಸಿ.",ಅನುಮೋದಿತ ಮೂಲದಲ್ಲಿ ಈ ಮಾಹಿತಿ ಲಭ್ಯವಿಲ್ಲ. ಹೆಚ್ಚಿನ ಮಾಹಿತಿಗಾಗಿ ಸಂಬಂಧಿತ ವಿಭಾಗವನ್ನು ಸಂಪರ್ಕಿಸಿ.,YES,READY_FOR_NATIVE_REVIEW,NO,,,,
ui.session.thank_you,backend/data/locales/ui.json#kn.session.thank_you,2. Session messages,Session controls / ending state — session.thank_you,Thank you.,"Communicate the complete English source meaning without omitting qualifiers, actions, names, numbers, fees, or acronyms: Thank you.",ಧನ್ಯವಾದಗಳು.,Working literal gloss: Thank you.,No omission established by desk review; native reviewer must verify every clause.,No added fact established by desk review; native reviewer must verify register and implications.,No specific defect established; native review required.,No specific defect established; native review required.,No specific defect established; native review required.,No specific defect established; native review required.,No specific defect established; native review required.,None; stored as a complete source value.,display,frontend App/ChatScreen session controls and reset states,ಧನ್ಯವಾದಗಳು.,,YES,READY_FOR_NATIVE_REVIEW,NO,,,,
ui.session.goodbye,backend/data/locales/ui.json#kn.session.goodbye,2. Session messages,Session controls / ending state — session.goodbye,Goodbye.,"Communicate the complete English source meaning without omitting qualifiers, actions, names, numbers, fees, or acronyms: Goodbye.",ವಿದಾಯ.,Working literal gloss: Goodbye.,No omission established by desk review; native reviewer must verify every clause.,No added fact established by desk review; native reviewer must verify register and implications.,No specific defect established; native review required.,No specific defect established; native review required.,No specific defect established; native review required.,No specific defect established; native review required.,No specific defect established; native review required.,None; stored as a complete source value.,display,frontend App/ChatScreen session controls and reset states,ವಿದಾಯ.,,YES,READY_FOR_NATIVE_REVIEW,NO,,,,
ui.session.timeout,backend/data/locales/ui.json#kn.session.timeout,2. Session messages,Session controls / ending state — session.timeout,This session has timed out.,"Communicate the complete English source meaning without omitting qualifiers, actions, names, numbers, fees, or acronyms: This session has timed out.",ಈ ಅಧಿವೇಶನದ ಸಮಯ ಮೀರಿದೆ.,Working literal gloss: This session has timed out.,No omission established by desk review; native reviewer must verify every clause.,No added fact established by desk review; native reviewer must verify register and implications.,The sentence has been redrafted as a complete candidate; native reviewer must validate grammar.,No specific defect established; native review required.,Candidate uses revised Kannada ordering; native reviewer must compare it with the current construction.,Candidate targets consistent respectful kiosk language; approval is pending.,No specific defect established; native review required.,None; stored as a complete source value.,display,frontend App/ChatScreen session controls and reset states,ಈ ಸಂವಾದದ ಅವಧಿ ಮುಗಿದಿದೆ.,,YES,READY_FOR_NATIVE_REVIEW,YES,,,,
ui.session.ending,backend/data/locales/ui.json#kn.session.ending,2. Session messages,Session controls / ending state — session.ending,This session is ending.,"Communicate the complete English source meaning without omitting qualifiers, actions, names, numbers, fees, or acronyms: This session is ending.",ಈ ಅಧಿವೇಶನ ಮುಕ್ತಾಯಗೊಳ್ಳುತ್ತಿದೆ.,Working literal gloss: This session is ending.,No omission established by desk review; native reviewer must verify every clause.,No added fact established by desk review; native reviewer must verify register and implications.,The sentence has been redrafted as a complete candidate; native reviewer must validate grammar.,No specific defect established; native review required.,Candidate uses revised Kannada ordering; native reviewer must compare it with the current construction.,Candidate targets consistent respectful kiosk language; approval is pending.,No specific defect established; native review required.,None; stored as a complete source value.,display,frontend App/ChatScreen session controls and reset states,ಈ ಸಂವಾದವು ಈಗ ಮುಕ್ತಾಯಗೊಳ್ಳುತ್ತಿದೆ.,,YES,READY_FOR_NATIVE_REVIEW,YES,,,,
ui.session.interrupted,backend/data/locales/ui.json#kn.session.interrupted,2. Session messages,Session controls / ending state — session.interrupted,The previous response was interrupted.,"Communicate the complete English source meaning without omitting qualifiers, actions, names, numbers, fees, or acronyms: The previous response was interrupted.",ಹಿಂದಿನ ಉತ್ತರವನ್ನು ನಿಲ್ಲಿಸಲಾಗಿದೆ.,Working literal gloss: The previous response was interrupted.,No omission established by desk review; native reviewer must verify every clause.,No added fact established by desk review; native reviewer must verify register and implications.,The sentence has been redrafted as a complete candidate; native reviewer must validate grammar.,No specific defect established; native review required.,Candidate uses revised Kannada ordering; native reviewer must compare it with the current construction.,Candidate targets consistent respectful kiosk language; approval is pending.,No specific defect established; native review required.,None; stored as a complete source value.,display,frontend App/ChatScreen session controls and reset states,ಹಿಂದಿನ ಉತ್ತರವನ್ನು ಮಧ್ಯದಲ್ಲೇ ನಿಲ್ಲಿಸಲಾಗಿದೆ.,,YES,READY_FOR_NATIVE_REVIEW,YES,,,,
ui.session.back,backend/data/locales/ui.json#kn.session.back,2. Session messages,Session controls / ending state — session.back,Back,"Communicate the complete English source meaning without omitting qualifiers, actions, names, numbers, fees, or acronyms: Back",ಹಿಂದೆ,Working literal gloss: Back,No omission established by desk review; native reviewer must verify every clause.,No added fact established by desk review; native reviewer must verify register and implications.,No specific defect established; native review required.,No specific defect established; native review required.,No specific defect established; native review required.,No specific defect established; native review required.,No specific defect established; native review required.,Intentional control label; it must not be concatenated into narration.,display,frontend App/ChatScreen session controls and reset states,ಹಿಂದೆ,,YES,READY_FOR_NATIVE_REVIEW,NO,,,,
ui.session.home,backend/data/locales/ui.json#kn.session.home,2. Session messages,Session controls / ending state — session.home,Go home,"Communicate the complete English source meaning without omitting qualifiers, actions, names, numbers, fees, or acronyms: Go home",ಮುಖಪುಟಕ್ಕೆ ಹೋಗಿ,Working literal gloss: Go home,No omission established by desk review; native reviewer must verify every clause.,No added fact established by desk review; native reviewer must verify register and implications.,No specific defect established; native review required.,No specific defect established; native review required.,No specific defect established; native review required.,No specific defect established; native review required.,No specific defect established; native review required.,Intentional control label; it must not be concatenated into narration.,display,frontend App/ChatScreen session controls and reset states,ಮುಖಪುಟಕ್ಕೆ ಹೋಗಿ,,YES,READY_FOR_NATIVE_REVIEW,NO,,,,
ui.session.close,backend/data/locales/ui.json#kn.session.close,2. Session messages,Session controls / ending state — session.close,Close,"Communicate the complete English source meaning without omitting qualifiers, actions, names, numbers, fees, or acronyms: Close",ಮುಚ್ಚಿ,Working literal gloss: Close,No omission established by desk review; native reviewer must verify every clause.,No added fact established by desk review; native reviewer must verify register and implications.,No specific defect established; native review required.,No specific defect established; native review required.,No specific defect established; native review required.,No specific defect established; native review required.,No specific defect established; native review required.,Intentional control label; it must not be concatenated into narration.,display,frontend App/ChatScreen session controls and reset states,ಮುಚ್ಚಿ,,YES,READY_FOR_NATIVE_REVIEW,NO,,,,
ui.session.retry_connection,backend/data/locales/ui.json#kn.session.retry_connection,2. Session messages,Session controls / ending state — session.retry_connection,Retry connection,"Communicate the complete English source meaning without omitting qualifiers, actions, names, numbers, fees, or acronyms: Retry connection",ಮತ್ತೆ ಸಂಪರ್ಕಿಸಿ,Working literal gloss: Retry connection,No omission established by desk review; native reviewer must verify every clause.,No added fact established by desk review; native reviewer must verify register and implications.,No specific defect established; native review required.,No specific defect established; native review required.,No specific defect established; native review required.,No specific defect established; native review required.,No specific defect established; native review required.,Intentional control label; it must not be concatenated into narration.,display,frontend App/ChatScreen session controls and reset states,ಮತ್ತೆ ಸಂಪರ್ಕಿಸಿ,,YES,READY_FOR_NATIVE_REVIEW,NO,,,,
ui.session.enable_face_display,backend/data/locales/ui.json#kn.session.enable_face_display,2. Session messages,Session controls / ending state — session.enable_face_display,Enable face display,"Communicate the complete English source meaning without omitting qualifiers, actions, names, numbers, fees, or acronyms: Enable face display",ಮುಖ ಪ್ರದರ್ಶನವನ್ನು ಸಕ್ರಿಯಗೊಳಿಸಿ,Working literal gloss: Enable face display,No omission established by desk review; native reviewer must verify every clause.,No added fact established by desk review; native reviewer must verify register and implications.,No specific defect established; native review required.,No specific defect established; native review required.,No specific defect established; native review required.,No specific defect established; native review required.,No specific defect established; native review required.,Intentional control label; it must not be concatenated into narration.,display,frontend App/ChatScreen session controls and reset states,ಮುಖ ಪ್ರದರ್ಶನವನ್ನು ಸಕ್ರಿಯಗೊಳಿಸಿ,,YES,READY_FOR_NATIVE_REVIEW,NO,,,,
ui.cards.department,backend/data/locales/ui.json#kn.cards.department,6. Departments,Card headings — cards.department,Department,"Communicate the complete English source meaning without omitting qualifiers, actions, names, numbers, fees, or acronyms: Department",ವಿಭಾಗ,Working literal gloss: Department,No omission established by desk review; native reviewer must verify every clause.,No added fact established by desk review; native reviewer must verify register and implications.,No specific defect established; native review required.,No specific defect established; native review required.,No specific defect established; native review required.,No specific defect established; native review required.,No specific defect established; native review required.,None; stored as a complete source value.,display,frontend card builders via uiCopy,ವಿಭಾಗ,,YES,READY_FOR_NATIVE_REVIEW,NO,,,,
ui.cards.hod_and_vision,backend/data/locales/ui.json#kn.cards.hod_and_vision,7. HOD,Card headings — cards.hod_and_vision,Head of Department and vision,"Communicate the complete English source meaning without omitting qualifiers, actions, names, numbers, fees, or acronyms: Head of Department and vision",ವಿಭಾಗ ಮುಖ್ಯಸ್ಥರು ಮತ್ತು ದೃಷ್ಟಿಕೋನ,Working literal gloss: Head of Department and vision,No omission established by desk review; native reviewer must verify every clause.,No added fact established by desk review; native reviewer must verify register and implications.,No specific defect established; native review required.,No specific defect established; native review required.,No specific defect established; native review required.,No specific defect established; native review required.,No specific defect established; native review required.,None; stored as a complete source value.,display,frontend card builders via uiCopy,ವಿಭಾಗ ಮುಖ್ಯಸ್ಥರು ಮತ್ತು ದೃಷ್ಟಿಕೋನ,,YES,READY_FOR_NATIVE_REVIEW,NO,,,,
ui.cards.achievements,backend/data/locales/ui.json#kn.cards.achievements,10. Achievements,Card headings — cards.achievements,Achievements,"Communicate the complete English source meaning without omitting qualifiers, actions, names, numbers, fees, or acronyms: Achievements",ಸಾಧನೆಗಳು,Working literal gloss: Achievements,No omission established by desk review; native reviewer must verify every clause.,No added fact established by desk review; native reviewer must verify register and implications.,No specific defect established; native review required.,No specific defect established; native review required.,No specific defect established; native review required.,No specific defect established; native review required.,No specific defect established; native review required.,None; stored as a complete source value.,display,frontend card builders via uiCopy,ಸಾಧನೆಗಳು,,YES,READY_FOR_NATIVE_REVIEW,NO,,,,
ui.cards.placements,backend/data/locales/ui.json#kn.cards.placements,9. Placements,Card headings — cards.placements,Placements,"Communicate the complete English source meaning without omitting qualifiers, actions, names, numbers, fees, or acronyms: Placements",ಪ್ಲೇಸ್‌ಮೆಂಟ್‌ಗಳು,Working literal gloss: Placements,No omission established by desk review; native reviewer must verify every clause.,No added fact established by desk review; native reviewer must verify register and implications.,No specific defect established; native review required.,No specific defect established; native review required.,No specific defect established; native review required.,No specific defect established; native review required.,No specific defect established; native review required.,None; stored as a complete source value.,display,frontend card builders via uiCopy,ಪ್ಲೇಸ್‌ಮೆಂಟ್‌ಗಳು,,YES,READY_FOR_NATIVE_REVIEW,NO,,,,
ui.cards.placements_training,backend/data/locales/ui.json#kn.cards.placements_training,9. Placements,Card headings — cards.placements_training,Placements and training,"Communicate the complete English source meaning without omitting qualifiers, actions, names, numbers, fees, or acronyms: Placements and training",ಪ್ಲೇಸ್‌ಮೆಂಟ್ ಮತ್ತು ತರಬೇತಿ,Working literal gloss: Placements and training,No omission established by desk review; native reviewer must verify every clause.,No added fact established by desk review; native reviewer must verify register and implications.,No specific defect established; native review required.,No specific defect established; native review required.,No specific defect established; native review required.,No specific defect established; native review required.,No specific defect established; native review required.,None; stored as a complete source value.,display,frontend card builders via uiCopy,ಪ್ಲೇಸ್‌ಮೆಂಟ್ ಮತ್ತು ತರಬೇತಿ,,YES,READY_FOR_NATIVE_REVIEW,NO,,,,
ui.cards.fees,backend/data/locales/ui.json#kn.cards.fees,8. Fees,Card headings — cards.fees,Fee details,"Communicate the complete English source meaning without omitting qualifiers, actions, names, numbers, fees, or acronyms: Fee details",ಶುಲ್ಕದ ವಿವರಗಳು,Working literal gloss: Fee details,No omission established by desk review; native reviewer must verify every clause.,No added fact established by desk review; native reviewer must verify register and implications.,No specific defect established; native review required.,No specific defect established; native review required.,No specific defect established; native review required.,No specific defect established; native review required.,No specific defect established; native review required.,None; stored as a complete source value.,display,frontend card builders via uiCopy,ಶುಲ್ಕದ ವಿವರಗಳು,,YES,READY_FOR_NATIVE_REVIEW,NO,,,,
ui.cards.eligibility,backend/data/locales/ui.json#kn.cards.eligibility,5. Admissions,Card headings — cards.eligibility,Eligibility,"Communicate the complete English source meaning without omitting qualifiers, actions, names, numbers, fees, or acronyms: Eligibility",ಅರ್ಹತೆ,Working literal gloss: Eligibility,No omission established by desk review; native reviewer must verify every clause.,No added fact established by desk review; native reviewer must verify register and implications.,No specific defect established; native review required.,No specific defect established; native review required.,No specific defect established; native review required.,No specific defect established; native review required.,No specific defect established; native review required.,None; stored as a complete source value.,display,frontend card builders via uiCopy,ಅರ್ಹತೆ,,YES,READY_FOR_NATIVE_REVIEW,NO,,,,
ui.cards.entrance_exams,backend/data/locales/ui.json#kn.cards.entrance_exams,5. Admissions,Card headings — cards.entrance_exams,Entrance examinations,"Communicate the complete English source meaning without omitting qualifiers, actions, names, numbers, fees, or acronyms: Entrance examinations",ಪ್ರವೇಶ ಪರೀಕ್ಷೆಗಳು,Working literal gloss: Entrance examinations,No omission established by desk review; native reviewer must verify every clause.,No added fact established by desk review; native reviewer must verify register and implications.,No specific defect established; native review required.,No specific defect established; native review required.,No specific defect established; native review required.,No specific defect established; native review required.,No specific defect established; native review required.,None; stored as a complete source value.,display,frontend card builders via uiCopy,ಪ್ರವೇಶ ಪರೀಕ್ಷೆಗಳು,,YES,READY_FOR_NATIVE_REVIEW,NO,,,,
ui.cards.ug_fees,backend/data/locales/ui.json#kn.cards.ug_fees,8. Fees,Card headings — cards.ug_fees,Undergraduate fee information,"Communicate the complete English source meaning without omitting qualifiers, actions, names, numbers, fees, or acronyms: Undergraduate fee information",ಪದವಿಪೂರ್ವ ಶುಲ್ಕದ ಮಾಹಿತಿ,Working literal gloss: Undergraduate fee information,No omission established by desk review; native reviewer must verify every clause.,No added fact established by desk review; native reviewer must verify register and implications.,No specific defect established; native review required.,No specific defect established; native review required.,No specific defect established; native review required.,No specific defect established; native review required.,No specific defect established; native review required.,None; stored as a complete source value.,display,frontend card builders via uiCopy,ಪದವಿಪೂರ್ವ ಶುಲ್ಕದ ಮಾಹಿತಿ,,YES,READY_FOR_NATIVE_REVIEW,NO,,,,
ui.cards.pg_fees,backend/data/locales/ui.json#kn.cards.pg_fees,8. Fees,Card headings — cards.pg_fees,MBA and postgraduate fee information,"Communicate the complete English source meaning without omitting qualifiers, actions, names, numbers, fees, or acronyms: MBA and postgraduate fee information",MBA ಮತ್ತು ಸ್ನಾತಕೋತ್ತರ ಶುಲ್ಕದ ಮಾಹಿತಿ,Working literal gloss: MBA and postgraduate fee information,No omission established by desk review; native reviewer must verify every clause.,No added fact established by desk review; native reviewer must verify register and implications.,No specific defect established; native review required.,No specific defect established; native review required.,No specific defect established; native review required.,No specific defect established; native review required.,No specific defect established; native review required.,None; stored as a complete source value.,display,frontend card builders via uiCopy,MBA ಮತ್ತು ಸ್ನಾತಕೋತ್ತರ ಶುಲ್ಕದ ಮಾಹಿತಿ,,YES,READY_FOR_NATIVE_REVIEW,NO,,,,
ui.cards.scholarships,backend/data/locales/ui.json#kn.cards.scholarships,5. Admissions,Card headings — cards.scholarships,Scholarships,"Communicate the complete English source meaning without omitting qualifiers, actions, names, numbers, fees, or acronyms: Scholarships",ವಿದ್ಯಾರ್ಥಿವೇತನಗಳು,Working literal gloss: Scholarships,No omission established by desk review; native reviewer must verify every clause.,No added fact established by desk review; native reviewer must verify register and implications.,No specific defect established; native review required.,No specific defect established; native review required.,No specific defect established; native review required.,No specific defect established; native review required.,No specific defect established; native review required.,None; stored as a complete source value.,display,frontend card builders via uiCopy,ವಿದ್ಯಾರ್ಥಿವೇತನಗಳು,,YES,READY_FOR_NATIVE_REVIEW,NO,,,,
ui.cards.training_objectives,backend/data/locales/ui.json#kn.cards.training_objectives,9. Placements,Card headings — cards.training_objectives,Training and placement objectives,"Communicate the complete English source meaning without omitting qualifiers, actions, names, numbers, fees, or acronyms: Training and placement objectives",ತರಬೇತಿ ಮತ್ತು ಪ್ಲೇಸ್‌ಮೆಂಟ್ ಉದ್ದೇಶಗಳು,Working literal gloss: Training and placement objectives,No omission established by desk review; native reviewer must verify every clause.,No added fact established by desk review; native reviewer must verify register and implications.,No specific defect established; native review required.,No specific defect established; native review required.,No specific defect established; native review required.,No specific defect established; native review required.,No specific defect established; native review required.,None; stored as a complete source value.,display,frontend card builders via uiCopy,ತರಬೇತಿ ಮತ್ತು ಪ್ಲೇಸ್‌ಮೆಂಟ್ ಉದ್ದೇಶಗಳು,,YES,READY_FOR_NATIVE_REVIEW,NO,,,,
ui.cards.training_programs,backend/data/locales/ui.json#kn.cards.training_programs,9. Placements,Card headings — cards.training_programs,Training programs,"Communicate the complete English source meaning without omitting qualifiers, actions, names, numbers, fees, or acronyms: Training programs",ತರಬೇತಿ ಕಾರ್ಯಕ್ರಮಗಳು,Working literal gloss: Training programs,No omission established by desk review; native reviewer must verify every clause.,No added fact established by desk review; native reviewer must verify register and implications.,No specific defect established; native review required.,No specific defect established; native review required.,No specific defect established; native review required.,No specific defect established; native review required.,No specific defect established; native review required.,None; stored as a complete source value.,display,frontend card builders via uiCopy,ತರಬೇತಿ ಕಾರ್ಯಕ್ರಮಗಳು,,YES,READY_FOR_NATIVE_REVIEW,NO,,,,
ui.cards.summary,backend/data/locales/ui.json#kn.cards.summary,5. Admissions,Card headings — cards.summary,Summary,"Communicate the complete English source meaning without omitting qualifiers, actions, names, numbers, fees, or acronyms: Summary",ಸಂಕ್ಷಿಪ್ತ ಮಾಹಿತಿ,Working literal gloss: Summary,No omission established by desk review; native reviewer must verify every clause.,No added fact established by desk review; native reviewer must verify register and implications.,No specific defect established; native review required.,No specific defect established; native review required.,No specific defect established; native review required.,No specific defect established; native review required.,No specific defect established; native review required.,None; stored as a complete source value.,display,frontend card builders via uiCopy,ಸಂಕ್ಷಿಪ್ತ ಮಾಹಿತಿ,,YES,READY_FOR_NATIVE_REVIEW,NO,,,,
ui.cards.information_unavailable,backend/data/locales/ui.json#kn.cards.information_unavailable,5. Admissions,Card headings — cards.information_unavailable,Information is not available.,"Communicate the complete English source meaning without omitting qualifiers, actions, names, numbers, fees, or acronyms: Information is not available.",ಮಾಹಿತಿ ಲಭ್ಯವಿಲ್ಲ.,Working literal gloss: Information is not available.,No omission established by desk review; native reviewer must verify every clause.,No added fact established by desk review; native reviewer must verify register and implications.,No specific defect established; native review required.,No specific defect established; native review required.,No specific defect established; native review required.,No specific defect established; native review required.,No specific defect established; native review required.,None; stored as a complete source value.,display,frontend card builders via uiCopy,ಮಾಹಿತಿ ಲಭ್ಯವಿಲ್ಲ.,,YES,READY_FOR_NATIVE_REVIEW,NO,,,,
ui.cards.college_brochure,backend/data/locales/ui.json#kn.cards.college_brochure,5. Admissions,Card headings — cards.college_brochure,College brochure,"Communicate the complete English source meaning without omitting qualifiers, actions, names, numbers, fees, or acronyms: College brochure",ಕಾಲೇಜಿನ ಮಾಹಿತಿ ಕೈಪಿಡಿ,Working literal gloss: College brochure,No omission established by desk review; native reviewer must verify every clause.,No added fact established by desk review; native reviewer must verify register and implications.,No specific defect established; native review required.,No specific defect established; native review required.,No specific defect established; native review required.,No specific defect established; native review required.,No specific defect established; native review required.,None; stored as a complete source value.,display,frontend card builders via uiCopy,ಕಾಲೇಜಿನ ಮಾಹಿತಿ ಕೈಪಿಡಿ,,YES,READY_FOR_NATIVE_REVIEW,NO,,,,
ui.documents.title,backend/data/locales/ui.json#kn.documents.title,5. Admissions,Admissions documents card — documents.title,Required documents,"Communicate the complete English source meaning without omitting qualifiers, actions, names, numbers, fees, or acronyms: Required documents",ಅಗತ್ಯ ದಾಖಲೆಗಳು,Working literal gloss: Required documents,No omission established by desk review; native reviewer must verify every clause.,No added fact established by desk review; native reviewer must verify register and implications.,No specific defect established; native review required.,No specific defect established; native review required.,No specific defect established; native review required.,No specific defect established; native review required.,No specific defect established; native review required.,None; stored as a complete source value.,display,frontend DocumentsBlock via uiCopy,ಅಗತ್ಯ ದಾಖಲೆಗಳು,,YES,READY_FOR_NATIVE_REVIEW,NO,,,,
ui.documents.items.marks_10,backend/data/locales/ui.json#kn.documents.items.marks_10,5. Admissions,Admissions documents card — documents.items.marks_10,10th Marks Card,"Communicate the complete English source meaning without omitting qualifiers, actions, names, numbers, fees, or acronyms: 10th Marks Card",10ನೇ ತರಗತಿ ಮಾರ್ಕ್ಸ್ ಕಾರ್ಡ್,Working literal gloss: 10th Marks Card,No omission established by desk review; native reviewer must verify every clause.,No added fact established by desk review; native reviewer must verify register and implications.,No specific defect established; native review required.,No specific defect established; native review required.,No specific defect established; native review required.,No specific defect established; native review required.,No specific defect established; native review required.,None; stored as a complete source value.,display,frontend DocumentsBlock via uiCopy,10ನೇ ತರಗತಿ ಮಾರ್ಕ್ಸ್ ಕಾರ್ಡ್,,YES,READY_FOR_NATIVE_REVIEW,NO,,,,
ui.documents.items.marks_12,backend/data/locales/ui.json#kn.documents.items.marks_12,5. Admissions,Admissions documents card — documents.items.marks_12,12th / II PUC Marks Card,"Communicate the complete English source meaning without omitting qualifiers, actions, names, numbers, fees, or acronyms: 12th / II PUC Marks Card",12ನೇ ಅಥವಾ ದ್ವಿತೀಯ ಪಿಯುಸಿ ಮಾರ್ಕ್ಸ್ ಕಾರ್ಡ್,Working literal gloss: 12th / II PUC Marks Card,No omission established by desk review; native reviewer must verify every clause.,No added fact established by desk review; native reviewer must verify register and implications.,No specific defect established; native review required.,No specific defect established; native review required.,No specific defect established; native review required.,No specific defect established; native review required.,No specific defect established; native review required.,None; stored as a complete source value.,display,frontend DocumentsBlock via uiCopy,12ನೇ ಅಥವಾ ದ್ವಿತೀಯ ಪಿಯುಸಿ ಮಾರ್ಕ್ಸ್ ಕಾರ್ಡ್,,REQUIRES REVIEW,READY_FOR_NATIVE_REVIEW,NO,,,,
ui.documents.items.rank_allotment,backend/data/locales/ui.json#kn.documents.items.rank_allotment,5. Admissions,Admissions documents card — documents.items.rank_allotment,CET / COMEDK Rank Card + Allotment Letter,"Communicate the complete English source meaning without omitting qualifiers, actions, names, numbers, fees, or acronyms: CET / COMEDK Rank Card + Allotment Letter",CET ಅಥವಾ COMEDK ರ‍್ಯಾಂಕ್ ಕಾರ್ಡ್ ಮತ್ತು ಅಲಾಟ್‌ಮೆಂಟ್ ಲೆಟರ್,Working literal gloss: CET / COMEDK Rank Card + Allotment Letter,No omission established by desk review; native reviewer must verify every clause.,No added fact established by desk review; native reviewer must verify register and implications.,No specific defect established; native review required.,No specific defect established; native review required.,No specific defect established; native review required.,No specific defect established; native review required.,No specific defect established; native review required.,None; stored as a complete source value.,display,frontend DocumentsBlock via uiCopy,CET ಅಥವಾ COMEDK ರ‍್ಯಾಂಕ್ ಕಾರ್ಡ್ ಮತ್ತು ಅಲಾಟ್‌ಮೆಂಟ್ ಲೆಟರ್,,YES,READY_FOR_NATIVE_REVIEW,NO,,,,
ui.documents.items.transfer,backend/data/locales/ui.json#kn.documents.items.transfer,5. Admissions,Admissions documents card — documents.items.transfer,Transfer Certificate (TC),"Communicate the complete English source meaning without omitting qualifiers, actions, names, numbers, fees, or acronyms: Transfer Certificate (TC)",ಟ್ರಾನ್ಸ್‌ಫರ್ ಸರ್ಟಿಫಿಕೇಟ್ (TC),Working literal gloss: Transfer Certificate (TC),No omission established by desk review; native reviewer must verify every clause.,No added fact established by desk review; native reviewer must verify register and implications.,No specific defect established; native review required.,No specific defect established; native review required.,No specific defect established; native review required.,No specific defect established; native review required.,No specific defect established; native review required.,None; stored as a complete source value.,display,frontend DocumentsBlock via uiCopy,ಟ್ರಾನ್ಸ್‌ಫರ್ ಸರ್ಟಿಫಿಕೇಟ್ (TC),,YES,READY_FOR_NATIVE_REVIEW,NO,,,,
ui.documents.items.conduct,backend/data/locales/ui.json#kn.documents.items.conduct,5. Admissions,Admissions documents card — documents.items.conduct,Conduct / Character Certificate,"Communicate the complete English source meaning without omitting qualifiers, actions, names, numbers, fees, or acronyms: Conduct / Character Certificate",ಕಂಡಕ್ಟ್ ಅಥವಾ ಕ್ಯಾರಕ್ಟರ್ ಸರ್ಟಿಫಿಕೇಟ್,Working literal gloss: Conduct / Character Certificate,No omission established by desk review; native reviewer must verify every clause.,No added fact established by desk review; native reviewer must verify register and implications.,No specific defect established; native review required.,No specific defect established; native review required.,No specific defect established; native review required.,No specific defect established; native review required.,No specific defect established; native review required.,None; stored as a complete source value.,display,frontend DocumentsBlock via uiCopy,ಕಂಡಕ್ಟ್ ಅಥವಾ ಕ್ಯಾರಕ್ಟರ್ ಸರ್ಟಿಫಿಕೇಟ್,,YES,READY_FOR_NATIVE_REVIEW,NO,,,,
ui.documents.items.caste_income,backend/data/locales/ui.json#kn.documents.items.caste_income,5. Admissions,Admissions documents card — documents.items.caste_income,Caste / Income Certificate (if applicable),"Communicate the complete English source meaning without omitting qualifiers, actions, names, numbers, fees, or acronyms: Caste / Income Certificate (if applicable)",ಅಗತ್ಯವಿದ್ದರೆ ಜಾತಿ ಅಥವಾ ಆದಾಯ ಪ್ರಮಾಣಪತ್ರ,Working literal gloss: Caste / Income Certificate (if applicable),No omission established by desk review; native reviewer must verify every clause.,No added fact established by desk review; native reviewer must verify register and implications.,No specific defect established; native review required.,No specific defect established; native review required.,No specific defect established; native review required.,No specific defect established; native review required.,No specific defect established; native review required.,None; stored as a complete source value.,display,frontend DocumentsBlock via uiCopy,ಅಗತ್ಯವಿದ್ದರೆ ಜಾತಿ ಅಥವಾ ಆದಾಯ ಪ್ರಮಾಣಪತ್ರ,,YES,READY_FOR_NATIVE_REVIEW,NO,,,,
ui.documents.items.aadhaar,backend/data/locales/ui.json#kn.documents.items.aadhaar,5. Admissions,Admissions documents card — documents.items.aadhaar,Aadhaar Card Copy,"Communicate the complete English source meaning without omitting qualifiers, actions, names, numbers, fees, or acronyms: Aadhaar Card Copy",ಆಧಾರ್ ಕಾರ್ಡ್ ಪ್ರತಿ,Working literal gloss: Aadhaar Card Copy,No omission established by desk review; native reviewer must verify every clause.,No added fact established by desk review; native reviewer must verify register and implications.,No specific defect established; native review required.,No specific defect established; native review required.,No specific defect established; native review required.,No specific defect established; native review required.,No specific defect established; native review required.,None; stored as a complete source value.,display,frontend DocumentsBlock via uiCopy,ಆಧಾರ್ ಕಾರ್ಡ್ ಪ್ರತಿ,,REQUIRES REVIEW,READY_FOR_NATIVE_REVIEW,NO,,,,
ui.documents.items.photos,backend/data/locales/ui.json#kn.documents.items.photos,5. Admissions,Admissions documents card — documents.items.photos,Passport Size Photos (6–10),"Communicate the complete English source meaning without omitting qualifiers, actions, names, numbers, fees, or acronyms: Passport Size Photos (6–10)",ಪಾಸ್‌ಪೋರ್ಟ್ ಗಾತ್ರದ ಫೋಟೋಗಳು (6–10),Working literal gloss: Passport Size Photos (6–10),No omission established by desk review; native reviewer must verify every clause.,No added fact established by desk review; native reviewer must verify register and implications.,No specific defect established; native review required.,No specific defect established; native review required.,No specific defect established; native review required.,No specific defect established; native review required.,No specific defect established; native review required.,None; stored as a complete source value.,display,frontend DocumentsBlock via uiCopy,ಪಾಸ್‌ಪೋರ್ಟ್ ಗಾತ್ರದ ಫೋಟೋಗಳು (6–10),,YES,READY_FOR_NATIVE_REVIEW,NO,,,,
ui.documents.items.migration,backend/data/locales/ui.json#kn.documents.items.migration,5. Admissions,Admissions documents card — documents.items.migration,Migration Certificate (for other board students),"Communicate the complete English source meaning without omitting qualifiers, actions, names, numbers, fees, or acronyms: Migration Certificate (for other board students)",ಇತರೆ ಬೋರ್ಡ್ ವಿದ್ಯಾರ್ಥಿಗಳಿಗೆ ಮೈಗ್ರೇಶನ್ ಪ್ರಮಾಣಪತ್ರ,Working literal gloss: Migration Certificate (for other board students),No omission established by desk review; native reviewer must verify every clause.,No added fact established by desk review; native reviewer must verify register and implications.,No specific defect established; native review required.,No specific defect established; native review required.,No specific defect established; native review required.,No specific defect established; native review required.,No specific defect established; native review required.,None; stored as a complete source value.,display,frontend DocumentsBlock via uiCopy,ಇತರೆ ಬೋರ್ಡ್ ವಿದ್ಯಾರ್ಥಿಗಳಿಗೆ ಮೈಗ್ರೇಶನ್ ಪ್ರಮಾಣಪತ್ರ,,YES,READY_FOR_NATIVE_REVIEW,NO,,,,
ui.documents.items.vtu_eligibility,backend/data/locales/ui.json#kn.documents.items.vtu_eligibility,5. Admissions,Admissions documents card — documents.items.vtu_eligibility,VTU Eligibility Certificate (if required),"Communicate the complete English source meaning without omitting qualifiers, actions, names, numbers, fees, or acronyms: VTU Eligibility Certificate (if required)",ಅಗತ್ಯವಿದ್ದರೆ VTU ಅರ್ಹತಾ ಪ್ರಮಾಣಪತ್ರ,Working literal gloss: VTU Eligibility Certificate (if required),No omission established by desk review; native reviewer must verify every clause.,No added fact established by desk review; native reviewer must verify register and implications.,No specific defect established; native review required.,No specific defect established; native review required.,No specific defect established; native review required.,No specific defect established; native review required.,No specific defect established; native review required.,None; stored as a complete source value.,display,frontend DocumentsBlock via uiCopy,ಅಗತ್ಯವಿದ್ದರೆ VTU ಅರ್ಹತಾ ಪ್ರಮಾಣಪತ್ರ,,YES,READY_FOR_NATIVE_REVIEW,NO,,,,
ui.comparison.close,backend/data/locales/ui.json#kn.comparison.close,6. Departments,Department comparison — comparison.close,Close,"Communicate the complete English source meaning without omitting qualifiers, actions, names, numbers, fees, or acronyms: Close",ಮುಚ್ಚು,Working literal gloss: Close,No omission established by desk review; native reviewer must verify every clause.,No added fact established by desk review; native reviewer must verify register and implications.,No specific defect established; native review required.,No specific defect established; native review required.,No specific defect established; native review required.,No specific defect established; native review required.,No specific defect established; native review required.,Intentional control label; it must not be concatenated into narration.,display,frontend comparisonCopy via uiCopy,ಮುಚ್ಚು,,YES,READY_FOR_NATIVE_REVIEW,NO,,,,
ui.comparison.add_program,backend/data/locales/ui.json#kn.comparison.add_program,6. Departments,Department comparison — comparison.add_program,Add program,"Communicate the complete English source meaning without omitting qualifiers, actions, names, numbers, fees, or acronyms: Add program",ಕಾರ್ಯಕ್ರಮ ಸೇರಿಸಿ,Working literal gloss: Add program,No omission established by desk review; native reviewer must verify every clause.,No added fact established by desk review; native reviewer must verify register and implications.,No specific defect established; native review required.,No specific defect established; native review required.,No specific defect established; native review required.,No specific defect established; native review required.,No specific defect established; native review required.,Intentional control label; it must not be concatenated into narration.,display,frontend comparisonCopy via uiCopy,ಕಾರ್ಯಕ್ರಮ ಸೇರಿಸಿ,,YES,READY_FOR_NATIVE_REVIEW,NO,,,,
ui.comparison.remove_program,backend/data/locales/ui.json#kn.comparison.remove_program,6. Departments,Department comparison — comparison.remove_program,Remove,"Communicate the complete English source meaning without omitting qualifiers, actions, names, numbers, fees, or acronyms: Remove",ತೆಗೆದುಹಾಕಿ,Working literal gloss: Remove,No omission established by desk review; native reviewer must verify every clause.,No added fact established by desk review; native reviewer must verify register and implications.,No specific defect established; native review required.,No specific defect established; native review required.,No specific defect established; native review required.,No specific defect established; native review required.,No specific defect established; native review required.,Intentional control label; it must not be concatenated into narration.,display,frontend comparisonCopy via uiCopy,ತೆಗೆದುಹಾಕಿ,,YES,READY_FOR_NATIVE_REVIEW,NO,,,,
ui.comparison.heading,backend/data/locales/ui.json#kn.comparison.heading,6. Departments,Department comparison — comparison.heading,Program comparison,"Communicate the complete English source meaning without omitting qualifiers, actions, names, numbers, fees, or acronyms: Program comparison",ಕಾರ್ಯಕ್ರಮಗಳ ಹೋಲಿಕೆ,Working literal gloss: Program comparison,No omission established by desk review; native reviewer must verify every clause.,No added fact established by desk review; native reviewer must verify register and implications.,No specific defect established; native review required.,No specific defect established; native review required.,No specific defect established; native review required.,No specific defect established; native review required.,No specific defect established; native review required.,None; stored as a complete source value.,display,frontend comparisonCopy via uiCopy,ಕಾರ್ಯಕ್ರಮಗಳ ಹೋಲಿಕೆ,,YES,READY_FOR_NATIVE_REVIEW,NO,,,,
ui.comparison.select_program,backend/data/locales/ui.json#kn.comparison.select_program,6. Departments,Department comparison — comparison.select_program,Select program,"Communicate the complete English source meaning without omitting qualifiers, actions, names, numbers, fees, or acronyms: Select program",ಕಾರ್ಯಕ್ರಮವನ್ನು ಆಯ್ಕೆಮಾಡಿ,Working literal gloss: Select program,No omission established by desk review; native reviewer must verify every clause.,No added fact established by desk review; native reviewer must verify register and implications.,No specific defect established; native review required.,No specific defect established; native review required.,No specific defect established; native review required.,No specific defect established; native review required.,No specific defect established; native review required.,Intentional control label; it must not be concatenated into narration.,display,frontend comparisonCopy via uiCopy,ಕಾರ್ಯಕ್ರಮವನ್ನು ಆಯ್ಕೆಮಾಡಿ,,YES,READY_FOR_NATIVE_REVIEW,NO,,,,
ui.comparison.swipe_hint,backend/data/locales/ui.json#kn.comparison.swipe_hint,6. Departments,Department comparison — comparison.swipe_hint,"Insights advance automatically — one beat per program, in sync.","Communicate the complete English source meaning without omitting qualifiers, actions, names, numbers, fees, or acronyms: Insights advance automatically — one beat per program, in sync.",ಒಳನೋಟಗಳು ಸ್ವಯಂಚಾಲಿತವಾಗಿ ಮುಂದುವರಿಯುತ್ತವೆ — ಪ್ರತಿ ಕಾರ್ಯಕ್ರಮಕ್ಕೆ ಒಂದೊಂದು ಹಂತ.,"Working literal gloss: Insights advance automatically — one beat per program, in sync.",No omission established by desk review; native reviewer must verify every clause.,No added fact established by desk review; native reviewer must verify register and implications.,No specific defect established; native review required.,No specific defect established; native review required.,No specific defect established; native review required.,No specific defect established; native review required.,No specific defect established; native review required.,None; stored as a complete source value.,display,frontend comparisonCopy via uiCopy,ಒಳನೋಟಗಳು ಸ್ವಯಂಚಾಲಿತವಾಗಿ ಮುಂದುವರಿಯುತ್ತವೆ — ಪ್ರತಿ ಕಾರ್ಯಕ್ರಮಕ್ಕೆ ಒಂದೊಂದು ಹಂತ.,,YES,READY_FOR_NATIVE_REVIEW,NO,,,,
ui.comparison.highlighted,backend/data/locales/ui.json#kn.comparison.highlighted,6. Departments,Department comparison — comparison.highlighted,Recommended focus,"Communicate the complete English source meaning without omitting qualifiers, actions, names, numbers, fees, or acronyms: Recommended focus",ಶಿಫಾರಸು ಮಾಡಿದ ಆಯ್ಕೆ,Working literal gloss: Recommended focus,No omission established by desk review; native reviewer must verify every clause.,No added fact established by desk review; native reviewer must verify register and implications.,No specific defect established; native review required.,No specific defect established; native review required.,No specific defect established; native review required.,No specific defect established; native review required.,No specific defect established; native review required.,None; stored as a complete source value.,display,frontend comparisonCopy via uiCopy,ಶಿಫಾರಸು ಮಾಡಿದ ಆಯ್ಕೆ,,YES,READY_FOR_NATIVE_REVIEW,NO,,,,
ui.action.fees,backend/data/locales/ui.json#kn.action.fees,11. Narration-only text,Deterministic card-opening narration — action.fees,Showing fee information for the {department} department.,"Communicate the complete English source meaning without omitting qualifiers, actions, names, numbers, fees, or acronyms: Showing fee information for the {department} department.",{department} ವಿಭಾಗದ ಶುಲ್ಕದ ಮಾಹಿತಿಯನ್ನು ಪರದೆಯ ಮೇಲೆ ತೋರಿಸಲಾಗುತ್ತಿದೆ.,Working literal gloss: Showing fee information for the {department} department.,No omission established by desk review; native reviewer must verify every clause.,No added fact established by desk review; native reviewer must verify register and implications.,No specific defect established; native review required.,No specific defect established; native review required.,No specific defect established; native review required.,No specific defect established; native review required.,No specific defect established; native review required.,None; stored as a complete source value.,narration,backend.app.main deterministic action reply → WebSocket/TTS,,{department} ವಿಭಾಗದ ಶುಲ್ಕದ ಮಾಹಿತಿಯನ್ನು ಪರದೆಯ ಮೇಲೆ ತೋರಿಸಲಾಗುತ್ತಿದೆ.,YES,READY_FOR_NATIVE_REVIEW,NO,,,,
ui.action.documents,backend/data/locales/ui.json#kn.action.documents,11. Narration-only text,Deterministic card-opening narration — action.documents,The required documents are: {items}.,"Communicate the complete English source meaning without omitting qualifiers, actions, names, numbers, fees, or acronyms: The required documents are: {items}.",ಅಗತ್ಯವಿರುವ ದಾಖಲೆಗಳು: {items}.,Working literal gloss: The required documents are: {items}.,No omission established by desk review; native reviewer must verify every clause.,No added fact established by desk review; native reviewer must verify register and implications.,No specific defect established; native review required.,No specific defect established; native review required.,No specific defect established; native review required.,No specific defect established; native review required.,No specific defect established; native review required.,None; stored as a complete source value.,narration,backend.app.main deterministic action reply → WebSocket/TTS,,ಅಗತ್ಯವಿರುವ ದಾಖಲೆಗಳು: {items}.,YES,READY_FOR_NATIVE_REVIEW,NO,,,,
ui.action.location,backend/data/locales/ui.json#kn.action.location,11. Narration-only text,Deterministic card-opening narration — action.location,"SVIT is located in Rajanukunte, via Yelahanka, Bengaluru, Karnataka 560 064.","Communicate the complete English source meaning without omitting qualifiers, actions, names, numbers, fees, or acronyms: SVIT is located in Rajanukunte, via Yelahanka, Bengaluru, Karnataka 560 064.","SVIT ಬೆಂಗಳೂರಿನ ಯಲಹಂಕ ಮಾರ್ಗದ ರಾಜಾನುಕುಂಟೆ, ಕರ್ನಾಟಕ 560 064ರಲ್ಲಿ ಇದೆ.","Working literal gloss: SVIT is located in Rajanukunte, via Yelahanka, Bengaluru, Karnataka 560 064.",No omission established by desk review; native reviewer must verify every clause.,No added fact established by desk review; native reviewer must verify register and implications.,No specific defect established; native review required.,No specific defect established; native review required.,No specific defect established; native review required.,No specific defect established; native review required.,No specific defect established; native review required.,None; stored as a complete source value.,narration,backend.app.main deterministic action reply → WebSocket/TTS,,"SVIT ಬೆಂಗಳೂರಿನ ಯಲಹಂಕ ಮಾರ್ಗದ ರಾಜಾನುಕುಂಟೆ, ಕರ್ನಾಟಕ 560 064ರಲ್ಲಿ ಇದೆ.",REQUIRES REVIEW,READY_FOR_NATIVE_REVIEW,NO,,,,
ui.action.admissions,backend/data/locales/ui.json#kn.action.admissions,11. Narration-only text,Deterministic card-opening narration — action.admissions,Showing admissions information on screen.,"Communicate the complete English source meaning without omitting qualifiers, actions, names, numbers, fees, or acronyms: Showing admissions information on screen.",ಪ್ರವೇಶಾತಿಯ ಮಾಹಿತಿಯನ್ನು ಪರದೆಯ ಮೇಲೆ ತೋರಿಸಲಾಗುತ್ತಿದೆ.,Working literal gloss: Showing admissions information on screen.,No omission established by desk review; native reviewer must verify every clause.,No added fact established by desk review; native reviewer must verify register and implications.,No specific defect established; native review required.,No specific defect established; native review required.,No specific defect established; native review required.,No specific defect established; native review required.,No specific defect established; native review required.,None; stored as a complete source value.,narration,backend.app.main deterministic action reply → WebSocket/TTS,,ಪ್ರವೇಶಾತಿಯ ಮಾಹಿತಿಯನ್ನು ಪರದೆಯ ಮೇಲೆ ತೋರಿಸಲಾಗುತ್ತಿದೆ.,YES,READY_FOR_NATIVE_REVIEW,NO,,,,
ui.action.placements,backend/data/locales/ui.json#kn.action.placements,11. Narration-only text,Deterministic card-opening narration — action.placements,Showing placement information on screen.,"Communicate the complete English source meaning without omitting qualifiers, actions, names, numbers, fees, or acronyms: Showing placement information on screen.",ಪ್ಲೇಸ್‌ಮೆಂಟ್ ಮಾಹಿತಿಯನ್ನು ಪರದೆಯ ಮೇಲೆ ತೋರಿಸಲಾಗುತ್ತಿದೆ.,Working literal gloss: Showing placement information on screen.,No omission established by desk review; native reviewer must verify every clause.,No added fact established by desk review; native reviewer must verify register and implications.,No specific defect established; native review required.,No specific defect established; native review required.,No specific defect established; native review required.,No specific defect established; native review required.,No specific defect established; native review required.,None; stored as a complete source value.,narration,backend.app.main deterministic action reply → WebSocket/TTS,,ಪ್ಲೇಸ್‌ಮೆಂಟ್ ಮಾಹಿತಿಯನ್ನು ಪರದೆಯ ಮೇಲೆ ತೋರಿಸಲಾಗುತ್ತಿದೆ.,YES,READY_FOR_NATIVE_REVIEW,NO,,,,
ui.action.department,backend/data/locales/ui.json#kn.action.department,11. Narration-only text,Deterministic card-opening narration — action.department,Showing information about the {department} department on screen.,"Communicate the complete English source meaning without omitting qualifiers, actions, names, numbers, fees, or acronyms: Showing information about the {department} department on screen.",{department} ವಿಭಾಗದ ಮಾಹಿತಿಯನ್ನು ಪರದೆಯ ಮೇಲೆ ತೋರಿಸಲಾಗುತ್ತಿದೆ.,Working literal gloss: Showing information about the {department} department on screen.,No omission established by desk review; native reviewer must verify every clause.,No added fact established by desk review; native reviewer must verify register and implications.,No specific defect established; native review required.,No specific defect established; native review required.,No specific defect established; native review required.,No specific defect established; native review required.,No specific defect established; native review required.,None; stored as a complete source value.,narration,backend.app.main deterministic action reply → WebSocket/TTS,,{department} ವಿಭಾಗದ ಮಾಹಿತಿಯನ್ನು ಪರದೆಯ ಮೇಲೆ ತೋರಿಸಲಾಗುತ್ತಿದೆ.,YES,READY_FOR_NATIVE_REVIEW,NO,,,,
ui.action.hod,backend/data/locales/ui.json#kn.action.hod,11. Narration-only text,Deterministic card-opening narration — action.hod,Showing Head of Department information for the {department} department.,"Communicate the complete English source meaning without omitting qualifiers, actions, names, numbers, fees, or acronyms: Showing Head of Department information for the {department} department.",{department} ವಿಭಾಗದ ಮುಖ್ಯಸ್ಥರ ಮಾಹಿತಿಯನ್ನು ಪರದೆಯ ಮೇಲೆ ತೋರಿಸಲಾಗುತ್ತಿದೆ.,Working literal gloss: Showing Head of Department information for the {department} department.,No omission established by desk review; native reviewer must verify every clause.,No added fact established by desk review; native reviewer must verify register and implications.,No specific defect established; native review required.,No specific defect established; native review required.,No specific defect established; native review required.,No specific defect established; native review required.,No specific defect established; native review required.,None; stored as a complete source value.,narration,backend.app.main deterministic action reply → WebSocket/TTS,,{department} ವಿಭಾಗದ ಮುಖ್ಯಸ್ಥರ ಮಾಹಿತಿಯನ್ನು ಪರದೆಯ ಮೇಲೆ ತೋರಿಸಲಾಗುತ್ತಿದೆ.,YES,READY_FOR_NATIVE_REVIEW,NO,,,,
ui.action.college,backend/data/locales/ui.json#kn.action.college,11. Narration-only text,Deterministic card-opening narration — action.college,Showing the requested college information on screen.,"Communicate the complete English source meaning without omitting qualifiers, actions, names, numbers, fees, or acronyms: Showing the requested college information on screen.",ಕೋರಿದ ಕಾಲೇಜಿನ ಮಾಹಿತಿಯನ್ನು ಪರದೆಯ ಮೇಲೆ ತೋರಿಸಲಾಗುತ್ತಿದೆ.,Working literal gloss: Showing the requested college information on screen.,No omission established by desk review; native reviewer must verify every clause.,No added fact established by desk review; native reviewer must verify register and implications.,No specific defect established; native review required.,No specific defect established; native review required.,No specific defect established; native review required.,No specific defect established; native review required.,No specific defect established; native review required.,None; stored as a complete source value.,narration,backend.app.main deterministic action reply → WebSocket/TTS,,ಕೋರಿದ ಕಾಲೇಜಿನ ಮಾಹಿತಿಯನ್ನು ಪರದೆಯ ಮೇಲೆ ತೋರಿಸಲಾಗುತ್ತಿದೆ.,YES,READY_FOR_NATIVE_REVIEW,NO,,,,
ui.action.principal,backend/data/locales/ui.json#kn.action.principal,11. Narration-only text,Deterministic card-opening narration — action.principal,Showing the Principal profile on screen.,"Communicate the complete English source meaning without omitting qualifiers, actions, names, numbers, fees, or acronyms: Showing the Principal profile on screen.",ಪ್ರಾಂಶುಪಾಲರ ಮಾಹಿತಿಯನ್ನು ಪರದೆಯ ಮೇಲೆ ತೋರಿಸಲಾಗುತ್ತಿದೆ.,Working literal gloss: Showing the Principal profile on screen.,No omission established by desk review; native reviewer must verify every clause.,No added fact established by desk review; native reviewer must verify register and implications.,No specific defect established; native review required.,No specific defect established; native review required.,No specific defect established; native review required.,No specific defect established; native review required.,No specific defect established; native review required.,None; stored as a complete source value.,narration,backend.app.main deterministic action reply → WebSocket/TTS,,ಪ್ರಾಂಶುಪಾಲರ ಮಾಹಿತಿಯನ್ನು ಪರದೆಯ ಮೇಲೆ ತೋರಿಸಲಾಗುತ್ತಿದೆ.,YES,READY_FOR_NATIVE_REVIEW,NO,,,,
ui.action.vice_principal,backend/data/locales/ui.json#kn.action.vice_principal,11. Narration-only text,Deterministic card-opening narration — action.vice_principal,Showing the Vice Principal profile on screen.,"Communicate the complete English source meaning without omitting qualifiers, actions, names, numbers, fees, or acronyms: Showing the Vice Principal profile on screen.",ಉಪ ಪ್ರಾಂಶುಪಾಲರ ಮಾಹಿತಿಯನ್ನು ಪರದೆಯ ಮೇಲೆ ತೋರಿಸಲಾಗುತ್ತಿದೆ.,Working literal gloss: Showing the Vice Principal profile on screen.,No omission established by desk review; native reviewer must verify every clause.,No added fact established by desk review; native reviewer must verify register and implications.,No specific defect established; native review required.,No specific defect established; native review required.,No specific defect established; native review required.,No specific defect established; native review required.,No specific defect established; native review required.,None; stored as a complete source value.,narration,backend.app.main deterministic action reply → WebSocket/TTS,,ಉಪ ಪ್ರಾಂಶುಪಾಲರ ಮಾಹಿತಿಯನ್ನು ಪರದೆಯ ಮೇಲೆ ತೋರಿಸಲಾಗುತ್ತಿದೆ.,YES,READY_FOR_NATIVE_REVIEW,NO,,,,
kn.institution_overview.about,backend/data/locales/kn.json#institution_overview.about,4. Institution information,Institution information — institution_overview.about,"Sai Vidya Institute of Technology (SVIT) Rajanukunte, Via Yalahanka, Bengaluru, Karnataka 560 064 Established: 2008 Campus: 12 acres Students: 1,511+ Faculty: 94+","Communicate the complete English source meaning without omitting qualifiers, actions, names, numbers, fees, or acronyms: Sai Vidya Institute of Technology (SVIT) Rajanukunte, Via Yalahanka, Bengaluru, Karnataka 560 064 Established: 2008 Campus: 12 acres Students: 1,511+ Faculty: 94+","ಸಾಯಿ ವಿದ್ಯಾ ಇನ್‌ಸ್ಟಿಟ್ಯೂಟ್ ಆಫ್ ಟೆಕ್ನಾಲಜಿ (SVIT), ರಾಜನುಕುಂಟೆ, ಯಲಹಂಕಾ ಮಾರ್ಗ, ಬೆಂಗಳೂರು, ಕರ್ನಾಟಕ - 560 064. ಸ್ಥಾಪನೆ: 2008. ಆವರಣ: 12 ಎಕರೆ. ವಿದ್ಯಾರ್ಥಿಗಳು: 1,511+. ಬೋಧಕ ಸಿಬ್ಬಂದಿ: 94+.","Working literal gloss: Sai Vidya Institute of Technology (SVIT) Rajanukunte, Via Yalahanka, Bengaluru, Karnataka 560 064 Established: 2008 Campus: 12 acres Students: 1,511+ Faculty: 94+",No omission established by desk review; native reviewer must verify every clause.,No added fact established by desk review; native reviewer must verify register and implications.,No specific defect established; native review required.,No specific defect established; native review required.,No specific defect established; native review required.,No specific defect established; native review required.,No specific defect established; native review required.,None; stored as a complete source value.,both,backend institutional content adapter/answer context + frontend locale-backed card,"ಸಾಯಿ ವಿದ್ಯಾ ಇನ್‌ಸ್ಟಿಟ್ಯೂಟ್ ಆಫ್ ಟೆಕ್ನಾಲಜಿ (SVIT), ರಾಜನುಕುಂಟೆ, ಯಲಹಂಕಾ ಮಾರ್ಗ, ಬೆಂಗಳೂರು, ಕರ್ನಾಟಕ - 560 064. ಸ್ಥಾಪನೆ: 2008. ಆವರಣ: 12 ಎಕರೆ. ವಿದ್ಯಾರ್ಥಿಗಳು: 1,511+. ಬೋಧಕ ಸಿಬ್ಬಂದಿ: 94+.","ಸಾಯಿ ವಿದ್ಯಾ ಇನ್‌ಸ್ಟಿಟ್ಯೂಟ್ ಆಫ್ ಟೆಕ್ನಾಲಜಿ (SVIT), ರಾಜನುಕುಂಟೆ, ಯಲಹಂಕಾ ಮಾರ್ಗ, ಬೆಂಗಳೂರು, ಕರ್ನಾಟಕ - 560 064. ಸ್ಥಾಪನೆ: 2008. ಆವರಣ: 12 ಎಕರೆ. ವಿದ್ಯಾರ್ಥಿಗಳು: 1,511+. ಬೋಧಕ ಸಿಬ್ಬಂದಿ: 94+.",REQUIRES REVIEW,READY_FOR_NATIVE_REVIEW,NO,,,,
kn.institution_overview.vision_and_mission,backend/data/locales/kn.json#institution_overview.vision_and_mission,4. Institution information,Institution information — institution_overview.vision_and_mission,"""Contribute dedicated, skilled, and intelligent engineers and business administrators to architect a strong India and a globally progressive world."" 1. Provide quality education and skill-based training to produce dedicated engineers and managers 2. Promote research, innovation, and ethical practices by creating a supportive learning environment 3. Undertake collaborative projects with academia and industry that transform young minds into socially responsible and globally competent professionals 4. Enhance personality traits and leadership skills that foster entrepreneurship among students","Communicate the complete English source meaning without omitting qualifiers, actions, names, numbers, fees, or acronyms: ""Contribute dedicated, skilled, and intelligent engineers and business administrators to architect a strong India and a globally progressive world."" 1. Provide quality education and skill-based training to produce dedicated engineers and managers 2. Promote research, innovation, and ethical practices by creating a supportive learning environment 3. Undertake collaborative projects with academia and industry that transform young minds into socially responsible and globally competent professionals 4. Enhance personality traits and leadership skills that foster entrepreneurship among students","""ಬಲವಾದ ಭಾರತ ಮತ್ತು ಜಾಗತಿಕವಾಗಿ ಪ್ರಗತಿಪರ ವಿಶ್ವವನ್ನು ರಚಿಸಲು ಸಮರ್ಪಿತ, ಕೌಶಲ್ಯಪೂರ್ಣ ಮತ್ತು ಬುದ್ಧಿವಂತ ಎಂಜಿನಿಯರ್‌ಗಳು ಮತ್ತು ವ್ಯಾಪಾರ ನಿರ್ವಾಹಕರನ್ನು ಕೊಡುಗೆ ನೀಡಿ."" 1. ಸಮರ್ಪಿತ ಎಂಜಿನಿಯರ್‌ಗಳು ಮತ್ತು ವ್ಯವಸ್ಥಾಪಕರನ್ನು ತಯಾರಿಸಲು ಗುಣಮಟ್ಟದ ಶಿಕ್ಷಣ ಮತ್ತು ಕೌಶಲ್ಯ ಆಧಾರಿತ ತರಬೇತಿಯನ್ನು ನೀಡುವುದು. 2. ಪೋಷಕ ಕಲಿಕೆಯ ವಾತಾವರಣವನ್ನು ರಚಿಸುವ ಮೂಲಕ ಸಂಶೋಧನೆ, ನಾವೀನ್ಯತೆ ಮತ್ತು ನೈತಿಕ ಅಭ್ಯಾಸಗಳನ್ನು ಉತ್ತೇಜಿಸುವುದು. 3. ಯುವ ಮನಸ್ಸುಗಳನ್ನು ಸಾಮಾಜಿಕವಾಗಿ ಜವಾಬ್ದಾರ ಮತ್ತು ಜಾಗತಿಕವಾಗಿ ಸಕ್ಷಮ ವೃತ್ತಿಪರರಾಗಿ ಪರಿವರ್ತಿಸುವ ಶೈಕ್ಷಣಿಕ ಮತ್ತು ಉದ್ಯಮ ಸಹಯೋಗಿ ಯೋಜನೆಗಳನ್ನು ಕೈಗೊಳ್ಳುವುದು. 4. ವಿದ್ಯಾರ್ಥಿಗಳಲ್ಲಿ ಉದ್ಯಮಶೀಲತೆಯನ್ನು ಬೆಳೆಸುವ ವ್ಯಕ್ತಿತ್ವ ಲಕ್ಷಣಗಳು ಮತ್ತು ನಾಯಕತ್ವ ಕೌಶಲ್ಯಗಳನ್ನು ಹೆಚ್ಚಿಸುವುದು.","Working literal gloss: ""Contribute dedicated, skilled, and intelligent engineers and business administrators to architect a strong India and a globally progressive world."" 1. Provide quality education and skill-based training to produce dedicated engineers and managers 2. Promote research, innovation, and ethical practices by creating a supportive learning environment 3. Undertake collaborative projects with academia and industry that transform young minds into socially responsible and globally competent professionals 4. Enhance personality traits and leadership skills that foster entrepreneurship among students",No omission established by desk review; native reviewer must verify every clause.,No added fact established by desk review; native reviewer must verify register and implications.,No specific defect established; native review required.,No specific defect established; native review required.,No specific defect established; native review required.,No specific defect established; native review required.,No specific defect established; native review required.,None; stored as a complete source value.,both,backend institutional content adapter/answer context + frontend locale-backed card,"""ಬಲವಾದ ಭಾರತ ಮತ್ತು ಜಾಗತಿಕವಾಗಿ ಪ್ರಗತಿಪರ ವಿಶ್ವವನ್ನು ರಚಿಸಲು ಸಮರ್ಪಿತ, ಕೌಶಲ್ಯಪೂರ್ಣ ಮತ್ತು ಬುದ್ಧಿವಂತ ಎಂಜಿನಿಯರ್‌ಗಳು ಮತ್ತು ವ್ಯಾಪಾರ ನಿರ್ವಾಹಕರನ್ನು ಕೊಡುಗೆ ನೀಡಿ."" 1. ಸಮರ್ಪಿತ ಎಂಜಿನಿಯರ್‌ಗಳು ಮತ್ತು ವ್ಯವಸ್ಥಾಪಕರನ್ನು ತಯಾರಿಸಲು ಗುಣಮಟ್ಟದ ಶಿಕ್ಷಣ ಮತ್ತು ಕೌಶಲ್ಯ ಆಧಾರಿತ ತರಬೇತಿಯನ್ನು ನೀಡುವುದು. 2. ಪೋಷಕ ಕಲಿಕೆಯ ವಾತಾವರಣವನ್ನು ರಚಿಸುವ ಮೂಲಕ ಸಂಶೋಧನೆ, ನಾವೀನ್ಯತೆ ಮತ್ತು ನೈತಿಕ ಅಭ್ಯಾಸಗಳನ್ನು ಉತ್ತೇಜಿಸುವುದು. 3. ಯುವ ಮನಸ್ಸುಗಳನ್ನು ಸಾಮಾಜಿಕವಾಗಿ ಜವಾಬ್ದಾರ ಮತ್ತು ಜಾಗತಿಕವಾಗಿ ಸಕ್ಷಮ ವೃತ್ತಿಪರರಾಗಿ ಪರಿವರ್ತಿಸುವ ಶೈಕ್ಷಣಿಕ ಮತ್ತು ಉದ್ಯಮ ಸಹಯೋಗಿ ಯೋಜನೆಗಳನ್ನು ಕೈಗೊಳ್ಳುವುದು. 4. ವಿದ್ಯಾರ್ಥಿಗಳಲ್ಲಿ ಉದ್ಯಮಶೀಲತೆಯನ್ನು ಬೆಳೆಸುವ ವ್ಯಕ್ತಿತ್ವ ಲಕ್ಷಣಗಳು ಮತ್ತು ನಾಯಕತ್ವ ಕೌಶಲ್ಯಗಳನ್ನು ಹೆಚ್ಚಿಸುವುದು.","""ಬಲವಾದ ಭಾರತ ಮತ್ತು ಜಾಗತಿಕವಾಗಿ ಪ್ರಗತಿಪರ ವಿಶ್ವವನ್ನು ರಚಿಸಲು ಸಮರ್ಪಿತ, ಕೌಶಲ್ಯಪೂರ್ಣ ಮತ್ತು ಬುದ್ಧಿವಂತ ಎಂಜಿನಿಯರ್‌ಗಳು ಮತ್ತು ವ್ಯಾಪಾರ ನಿರ್ವಾಹಕರನ್ನು ಕೊಡುಗೆ ನೀಡಿ."" 1. ಸಮರ್ಪಿತ ಎಂಜಿನಿಯರ್‌ಗಳು ಮತ್ತು ವ್ಯವಸ್ಥಾಪಕರನ್ನು ತಯಾರಿಸಲು ಗುಣಮಟ್ಟದ ಶಿಕ್ಷಣ ಮತ್ತು ಕೌಶಲ್ಯ ಆಧಾರಿತ ತರಬೇತಿಯನ್ನು ನೀಡುವುದು. 2. ಪೋಷಕ ಕಲಿಕೆಯ ವಾತಾವರಣವನ್ನು ರಚಿಸುವ ಮೂಲಕ ಸಂಶೋಧನೆ, ನಾವೀನ್ಯತೆ ಮತ್ತು ನೈತಿಕ ಅಭ್ಯಾಸಗಳನ್ನು ಉತ್ತೇಜಿಸುವುದು. 3. ಯುವ ಮನಸ್ಸುಗಳನ್ನು ಸಾಮಾಜಿಕವಾಗಿ ಜವಾಬ್ದಾರ ಮತ್ತು ಜಾಗತಿಕವಾಗಿ ಸಕ್ಷಮ ವೃತ್ತಿಪರರಾಗಿ ಪರಿವರ್ತಿಸುವ ಶೈಕ್ಷಣಿಕ ಮತ್ತು ಉದ್ಯಮ ಸಹಯೋಗಿ ಯೋಜನೆಗಳನ್ನು ಕೈಗೊಳ್ಳುವುದು. 4. ವಿದ್ಯಾರ್ಥಿಗಳಲ್ಲಿ ಉದ್ಯಮಶೀಲತೆಯನ್ನು ಬೆಳೆಸುವ ವ್ಯಕ್ತಿತ್ವ ಲಕ್ಷಣಗಳು ಮತ್ತು ನಾಯಕತ್ವ ಕೌಶಲ್ಯಗಳನ್ನು ಹೆಚ್ಚಿಸುವುದು.",YES,READY_FOR_NATIVE_REVIEW,NO,,,,
kn.institution_overview.additional_details.tagline,backend/data/locales/kn.json#institution_overview.additional_details.tagline,4. Institution information,Institution information — institution_overview.additional_details.tagline,"""Learn to Lead"" [cite: 15]","Communicate the complete English source meaning without omitting qualifiers, actions, names, numbers, fees, or acronyms: ""Learn to Lead"" [cite: 15]","""ನಾಯಕತ್ವವನ್ನು ಕಲಿಯಿರಿ""","Working literal gloss: ""Learn to Lead"" [cite: 15]",No omission established by desk review; native reviewer must verify every clause.,No added fact established by desk review; native reviewer must verify register and implications.,No specific defect established; native review required.,No specific defect established; native review required.,No specific defect established; native review required.,No specific defect established; native review required.,No specific defect established; native review required.,None; stored as a complete source value.,both,backend institutional content adapter/answer context + frontend locale-backed card,"""ನಾಯಕತ್ವವನ್ನು ಕಲಿಯಿರಿ""","""ನಾಯಕತ್ವವನ್ನು ಕಲಿಯಿರಿ"".",REQUIRES REVIEW,READY_FOR_NATIVE_REVIEW,NO,,,,
kn.institution_overview.additional_details.motto,backend/data/locales/kn.json#institution_overview.additional_details.motto,4. Institution information,Institution information — institution_overview.additional_details.motto,"""Empowering Engineers of Tomorrow with Cutting-Edge Education, Industry-Driven Curriculum, and Top Placements"" [cite: 16]","Communicate the complete English source meaning without omitting qualifiers, actions, names, numbers, fees, or acronyms: ""Empowering Engineers of Tomorrow with Cutting-Edge Education, Industry-Driven Curriculum, and Top Placements"" [cite: 16]","""ನಾಳಿನ ಎಂಜಿನಿಯರ್‌ಗಳನ್ನು ಅತ್ಯಾಧುನಿಕ ಶಿಕ್ಷಣ, ಉದ್ಯಮಾಧಾರಿತ ಪಠ್ಯಕ್ರಮ ಮತ್ತು ಉನ್ನತ ಪ್ಲೇಸ್‌ಮೆಂಟ್‌ಗಳೊಂದಿಗೆ ಸಬಲೀಕರಣಗೊಳಿಸುವುದು""","Working literal gloss: ""Empowering Engineers of Tomorrow with Cutting-Edge Education, Industry-Driven Curriculum, and Top Placements"" [cite: 16]",No omission established by desk review; native reviewer must verify every clause.,No added fact established by desk review; native reviewer must verify register and implications.,No specific defect established; native review required.,No specific defect established; native review required.,No specific defect established; native review required.,No specific defect established; native review required.,No specific defect established; native review required.,None; stored as a complete source value.,both,backend institutional content adapter/answer context + frontend locale-backed card,"""ನಾಳಿನ ಎಂಜಿನಿಯರ್‌ಗಳನ್ನು ಅತ್ಯಾಧುನಿಕ ಶಿಕ್ಷಣ, ಉದ್ಯಮಾಧಾರಿತ ಪಠ್ಯಕ್ರಮ ಮತ್ತು ಉನ್ನತ ಪ್ಲೇಸ್‌ಮೆಂಟ್‌ಗಳೊಂದಿಗೆ ಸಬಲೀಕರಣಗೊಳಿಸುವುದು""","""ನಾಳಿನ ಎಂಜಿನಿಯರ್‌ಗಳನ್ನು ಅತ್ಯಾಧುನಿಕ ಶಿಕ್ಷಣ, ಉದ್ಯಮಾಧಾರಿತ ಪಠ್ಯಕ್ರಮ ಮತ್ತು ಉನ್ನತ ಪ್ಲೇಸ್‌ಮೆಂಟ್‌ಗಳೊಂದಿಗೆ ಸಬಲೀಕರಣಗೊಳಿಸುವುದು"".",REQUIRES REVIEW,READY_FOR_NATIVE_REVIEW,NO,,,,
kn.institution_overview.additional_details.founded_by,backend/data/locales/kn.json#institution_overview.additional_details.founded_by,4. Institution information,Institution information — institution_overview.additional_details.founded_by,Sri Sai Vidya Vikas Shikshana Samithi (Group of eminent academicians) [cite: 11],"Communicate the complete English source meaning without omitting qualifiers, actions, names, numbers, fees, or acronyms: Sri Sai Vidya Vikas Shikshana Samithi (Group of eminent academicians) [cite: 11]",ಶ್ರೀ ಸಾಯಿ ವಿದ್ಯಾ ವಿಕಾಸ ಶಿಕ್ಷಣ ಸಮಿತಿ (ಪ್ರಖ್ಯಾತ ಶಿಕ್ಷಣತಜ್ಞರ ಗುಂಪು),Working literal gloss: Sri Sai Vidya Vikas Shikshana Samithi (Group of eminent academicians) [cite: 11],No omission established by desk review; native reviewer must verify every clause.,No added fact established by desk review; native reviewer must verify register and implications.,No specific defect established; native review required.,No specific defect established; native review required.,No specific defect established; native review required.,No specific defect established; native review required.,No specific defect established; native review required.,None; stored as a complete source value.,both,backend institutional content adapter/answer context + frontend locale-backed card,ಶ್ರೀ ಸಾಯಿ ವಿದ್ಯಾ ವಿಕಾಸ ಶಿಕ್ಷಣ ಸಮಿತಿ (ಪ್ರಖ್ಯಾತ ಶಿಕ್ಷಣತಜ್ಞರ ಗುಂಪು),ಶ್ರೀ ಸಾಯಿ ವಿದ್ಯಾ ವಿಕಾಸ ಶಿಕ್ಷಣ ಸಮಿತಿ (ಪ್ರಖ್ಯಾತ ಶಿಕ್ಷಣತಜ್ಞರ ಗುಂಪು).,REQUIRES REVIEW,READY_FOR_NATIVE_REVIEW,NO,,,,
kn.institution_overview.additional_details.infrastructure[0],backend/data/locales/kn.json#institution_overview.additional_details.infrastructure[0],4. Institution information,Institution information — institution_overview.additional_details.infrastructure[0],Modern infrastructure with advanced laboratories [cite: 23],"Communicate the complete English source meaning without omitting qualifiers, actions, names, numbers, fees, or acronyms: Modern infrastructure with advanced laboratories [cite: 23]",ಸುಧಾರಿತ ಪ್ರಯೋಗಾಲಯಗಳೊಂದಿಗೆ ಆಧುನಿಕ ಮೂಲಸೌಕರ್ಯ,Working literal gloss: Modern infrastructure with advanced laboratories [cite: 23],No omission established by desk review; native reviewer must verify every clause.,No added fact established by desk review; native reviewer must verify register and implications.,No specific defect established; native review required.,No specific defect established; native review required.,No specific defect established; native review required.,No specific defect established; native review required.,No specific defect established; native review required.,Stored list item; the runtime composes it with sibling items. Review the composed sentence before approval.,both,backend institutional content adapter/answer context + frontend locale-backed card,ಸುಧಾರಿತ ಪ್ರಯೋಗಾಲಯಗಳೊಂದಿಗೆ ಆಧುನಿಕ ಮೂಲಸೌಕರ್ಯ,ಸುಧಾರಿತ ಪ್ರಯೋಗಾಲಯಗಳೊಂದಿಗೆ ಆಧುನಿಕ ಮೂಲಸೌಕರ್ಯ.,REQUIRES REVIEW,READY_FOR_NATIVE_REVIEW,NO,,,,
kn.institution_overview.additional_details.infrastructure[1],backend/data/locales/kn.json#institution_overview.additional_details.infrastructure[1],4. Institution information,Institution information — institution_overview.additional_details.infrastructure[1],Well-equipped libraries and extensive learning resources [cite: 24],"Communicate the complete English source meaning without omitting qualifiers, actions, names, numbers, fees, or acronyms: Well-equipped libraries and extensive learning resources [cite: 24]",ಸುಸಜ್ಜಿತ ಗ್ರಂಥಾಲಯಗಳು ಮತ್ತು ವ್ಯಾಪಕ ಕಲಿಕಾ ಸಂಪನ್ಮೂಲಗಳು,Working literal gloss: Well-equipped libraries and extensive learning resources [cite: 24],No omission established by desk review; native reviewer must verify every clause.,No added fact established by desk review; native reviewer must verify register and implications.,No specific defect established; native review required.,No specific defect established; native review required.,No specific defect established; native review required.,No specific defect established; native review required.,No specific defect established; native review required.,Stored list item; the runtime composes it with sibling items. Review the composed sentence before approval.,both,backend institutional content adapter/answer context + frontend locale-backed card,ಸುಸಜ್ಜಿತ ಗ್ರಂಥಾಲಯಗಳು ಮತ್ತು ವ್ಯಾಪಕ ಕಲಿಕಾ ಸಂಪನ್ಮೂಲಗಳು,ಸುಸಜ್ಜಿತ ಗ್ರಂಥಾಲಯಗಳು ಮತ್ತು ವ್ಯಾಪಕ ಕಲಿಕಾ ಸಂಪನ್ಮೂಲಗಳು.,REQUIRES REVIEW,READY_FOR_NATIVE_REVIEW,NO,,,,
kn.institution_overview.additional_details.infrastructure[2],backend/data/locales/kn.json#institution_overview.additional_details.infrastructure[2],4. Institution information,Institution information — institution_overview.additional_details.infrastructure[2],State-of-the-art computer centers [cite: 25],"Communicate the complete English source meaning without omitting qualifiers, actions, names, numbers, fees, or acronyms: State-of-the-art computer centers [cite: 25]",ಅತ್ಯಾಧುನಿಕ ಕಂಪ್ಯೂಟರ್ ಕೇಂದ್ರಗಳು,Working literal gloss: State-of-the-art computer centers [cite: 25],No omission established by desk review; native reviewer must verify every clause.,No added fact established by desk review; native reviewer must verify register and implications.,No specific defect established; native review required.,No specific defect established; native review required.,No specific defect established; native review required.,No specific defect established; native review required.,No specific defect established; native review required.,Stored list item; the runtime composes it with sibling items. Review the composed sentence before approval.,both,backend institutional content adapter/answer context + frontend locale-backed card,ಅತ್ಯಾಧುನಿಕ ಕಂಪ್ಯೂಟರ್ ಕೇಂದ್ರಗಳು,ಅತ್ಯಾಧುನಿಕ ಕಂಪ್ಯೂಟರ್ ಕೇಂದ್ರಗಳು.,REQUIRES REVIEW,READY_FOR_NATIVE_REVIEW,NO,,,,
kn.institution_overview.additional_details.infrastructure[3],backend/data/locales/kn.json#institution_overview.additional_details.infrastructure[3],4. Institution information,Institution information — institution_overview.additional_details.infrastructure[3],Makers Space Lab for innovation and prototyping [cite: 26],"Communicate the complete English source meaning without omitting qualifiers, actions, names, numbers, fees, or acronyms: Makers Space Lab for innovation and prototyping [cite: 26]",ನಾವೀನ್ಯತೆ ಮತ್ತು ಮೂಲಮಾದರಿಗಾಗಿ ಮೇಕರ್ಸ್ ಸ್ಪೇಸ್ ಲ್ಯಾಬ್,Working literal gloss: Makers Space Lab for innovation and prototyping [cite: 26],No omission established by desk review; native reviewer must verify every clause.,No added fact established by desk review; native reviewer must verify register and implications.,No specific defect established; native review required.,No specific defect established; native review required.,No specific defect established; native review required.,No specific defect established; native review required.,No specific defect established; native review required.,Stored list item; the runtime composes it with sibling items. Review the composed sentence before approval.,both,backend institutional content adapter/answer context + frontend locale-backed card,ನಾವೀನ್ಯತೆ ಮತ್ತು ಮೂಲಮಾದರಿಗಾಗಿ ಮೇಕರ್ಸ್ ಸ್ಪೇಸ್ ಲ್ಯಾಬ್,ನಾವೀನ್ಯತೆ ಮತ್ತು ಮೂಲಮಾದರಿಗಾಗಿ ಮೇಕರ್ಸ್ ಸ್ಪೇಸ್ ಲ್ಯಾಬ್.,REQUIRES REVIEW,READY_FOR_NATIVE_REVIEW,NO,,,,
kn.institution_overview.additional_details.infrastructure[4],backend/data/locales/kn.json#institution_overview.additional_details.infrastructure[4],4. Institution information,Institution information — institution_overview.additional_details.infrastructure[4],Active student clubs and cultural facilities [cite: 27],"Communicate the complete English source meaning without omitting qualifiers, actions, names, numbers, fees, or acronyms: Active student clubs and cultural facilities [cite: 27]",ಸಕ್ರಿಯ ವಿದ್ಯಾರ್ಥಿ ಕ್ಲಬ್‌ಗಳು ಮತ್ತು ಸಾಂಸ್ಕೃತಿಕ ಸೌಲಭ್ಯಗಳು,Working literal gloss: Active student clubs and cultural facilities [cite: 27],No omission established by desk review; native reviewer must verify every clause.,No added fact established by desk review; native reviewer must verify register and implications.,No specific defect established; native review required.,No specific defect established; native review required.,No specific defect established; native review required.,No specific defect established; native review required.,No specific defect established; native review required.,Stored list item; the runtime composes it with sibling items. Review the composed sentence before approval.,both,backend institutional content adapter/answer context + frontend locale-backed card,ಸಕ್ರಿಯ ವಿದ್ಯಾರ್ಥಿ ಕ್ಲಬ್‌ಗಳು ಮತ್ತು ಸಾಂಸ್ಕೃತಿಕ ಸೌಲಭ್ಯಗಳು,ಸಕ್ರಿಯ ವಿದ್ಯಾರ್ಥಿ ಕ್ಲಬ್‌ಗಳು ಮತ್ತು ಸಾಂಸ್ಕೃತಿಕ ಸೌಲಭ್ಯಗಳು.,REQUIRES REVIEW,READY_FOR_NATIVE_REVIEW,NO,,,,
kn.institution_overview.additional_details.infrastructure[5],backend/data/locales/kn.json#institution_overview.additional_details.infrastructure[5],4. Institution information,Institution information — institution_overview.additional_details.infrastructure[5],Co-curricular event spaces [cite: 28],"Communicate the complete English source meaning without omitting qualifiers, actions, names, numbers, fees, or acronyms: Co-curricular event spaces [cite: 28]",ಸಹಪಠ್ಯ ಚಟುವಟಿಕೆಗಳ ಸ್ಥಳಗಳು,Working literal gloss: Co-curricular event spaces [cite: 28],No omission established by desk review; native reviewer must verify every clause.,No added fact established by desk review; native reviewer must verify register and implications.,No specific defect established; native review required.,No specific defect established; native review required.,No specific defect established; native review required.,No specific defect established; native review required.,No specific defect established; native review required.,Stored list item; the runtime composes it with sibling items. Review the composed sentence before approval.,both,backend institutional content adapter/answer context + frontend locale-backed card,ಸಹಪಠ್ಯ ಚಟುವಟಿಕೆಗಳ ಸ್ಥಳಗಳು,ಸಹಪಠ್ಯ ಚಟುವಟಿಕೆಗಳ ಸ್ಥಳಗಳು.,REQUIRES REVIEW,READY_FOR_NATIVE_REVIEW,NO,,,,
kn.institution_overview.additional_details.infrastructure[6],backend/data/locales/kn.json#institution_overview.additional_details.infrastructure[6],4. Institution information,Institution information — institution_overview.additional_details.infrastructure[6],Industry collaboration centers [cite: 29],"Communicate the complete English source meaning without omitting qualifiers, actions, names, numbers, fees, or acronyms: Industry collaboration centers [cite: 29]",ಉದ್ಯಮ ಸಹಯೋಗ ಕೇಂದ್ರಗಳು,Working literal gloss: Industry collaboration centers [cite: 29],No omission established by desk review; native reviewer must verify every clause.,No added fact established by desk review; native reviewer must verify register and implications.,No specific defect established; native review required.,No specific defect established; native review required.,No specific defect established; native review required.,No specific defect established; native review required.,No specific defect established; native review required.,Stored list item; the runtime composes it with sibling items. Review the composed sentence before approval.,both,backend institutional content adapter/answer context + frontend locale-backed card,ಉದ್ಯಮ ಸಹಯೋಗ ಕೇಂದ್ರಗಳು,ಉದ್ಯಮ ಸಹಯೋಗ ಕೇಂದ್ರಗಳು.,REQUIRES REVIEW,READY_FOR_NATIVE_REVIEW,NO,,,,
kn.institution_overview.additional_details.infrastructure[7],backend/data/locales/kn.json#institution_overview.additional_details.infrastructure[7],4. Institution information,Institution information — institution_overview.additional_details.infrastructure[7],Research centers and centers of excellence [cite: 30],"Communicate the complete English source meaning without omitting qualifiers, actions, names, numbers, fees, or acronyms: Research centers and centers of excellence [cite: 30]",ಸಂಶೋಧನಾ ಕೇಂದ್ರಗಳು ಮತ್ತು ಉತ್ಕೃಷ್ಟತಾ ಕೇಂದ್ರಗಳು,Working literal gloss: Research centers and centers of excellence [cite: 30],No omission established by desk review; native reviewer must verify every clause.,No added fact established by desk review; native reviewer must verify register and implications.,No specific defect established; native review required.,No specific defect established; native review required.,No specific defect established; native review required.,No specific defect established; native review required.,No specific defect established; native review required.,Stored list item; the runtime composes it with sibling items. Review the composed sentence before approval.,both,backend institutional content adapter/answer context + frontend locale-backed card,ಸಂಶೋಧನಾ ಕೇಂದ್ರಗಳು ಮತ್ತು ಉತ್ಕೃಷ್ಟತಾ ಕೇಂದ್ರಗಳು,ಸಂಶೋಧನಾ ಕೇಂದ್ರಗಳು ಮತ್ತು ಉತ್ಕೃಷ್ಟತಾ ಕೇಂದ್ರಗಳು.,REQUIRES REVIEW,READY_FOR_NATIVE_REVIEW,NO,,,,
kn.institution_overview.additional_details.core_values[0],backend/data/locales/kn.json#institution_overview.additional_details.core_values[0],4. Institution information,Institution information — institution_overview.additional_details.core_values[0],Ethics in Engineering - Promoting ethical practices and responsible development [cite: 98],"Communicate the complete English source meaning without omitting qualifiers, actions, names, numbers, fees, or acronyms: Ethics in Engineering - Promoting ethical practices and responsible development [cite: 98]",ಎಂಜಿನಿಯರಿಂಗ್‌ನಲ್ಲಿ ನೈತಿಕತೆ — ನೈತಿಕ ಅಭ್ಯಾಸಗಳು ಮತ್ತು ಜವಾಬ್ದಾರಿಯುತ ಅಭಿವೃದ್ಧಿಯನ್ನು ಉತ್ತೇಜಿಸುವುದು,Working literal gloss: Ethics in Engineering - Promoting ethical practices and responsible development [cite: 98],No omission established by desk review; native reviewer must verify every clause.,No added fact established by desk review; native reviewer must verify register and implications.,No specific defect established; native review required.,No specific defect established; native review required.,No specific defect established; native review required.,No specific defect established; native review required.,No specific defect established; native review required.,Stored list item; the runtime composes it with sibling items. Review the composed sentence before approval.,both,backend institutional content adapter/answer context + frontend locale-backed card,ಎಂಜಿನಿಯರಿಂಗ್‌ನಲ್ಲಿ ನೈತಿಕತೆ — ನೈತಿಕ ಅಭ್ಯಾಸಗಳು ಮತ್ತು ಜವಾಬ್ದಾರಿಯುತ ಅಭಿವೃದ್ಧಿಯನ್ನು ಉತ್ತೇಜಿಸುವುದು,ಎಂಜಿನಿಯರಿಂಗ್‌ನಲ್ಲಿ ನೈತಿಕತೆ — ನೈತಿಕ ಅಭ್ಯಾಸಗಳು ಮತ್ತು ಜವಾಬ್ದಾರಿಯುತ ಅಭಿವೃದ್ಧಿಯನ್ನು ಉತ್ತೇಜಿಸುವುದು.,REQUIRES REVIEW,READY_FOR_NATIVE_REVIEW,NO,,,,
kn.institution_overview.additional_details.core_values[1],backend/data/locales/kn.json#institution_overview.additional_details.core_values[1],4. Institution information,Institution information — institution_overview.additional_details.core_values[1],Quality & Excellence - Commitment to academic and operational excellence [cite: 99],"Communicate the complete English source meaning without omitting qualifiers, actions, names, numbers, fees, or acronyms: Quality & Excellence - Commitment to academic and operational excellence [cite: 99]",ಗುಣಮಟ್ಟ ಮತ್ತು ಉತ್ಕೃಷ್ಟತೆ — ಶೈಕ್ಷಣಿಕ ಮತ್ತು ಕಾರ್ಯಾಚರಣಾ ಉತ್ಕೃಷ್ಟತೆಗೆ ಬದ್ಧತೆ,Working literal gloss: Quality & Excellence - Commitment to academic and operational excellence [cite: 99],No omission established by desk review; native reviewer must verify every clause.,No added fact established by desk review; native reviewer must verify register and implications.,No specific defect established; native review required.,No specific defect established; native review required.,No specific defect established; native review required.,No specific defect established; native review required.,No specific defect established; native review required.,Stored list item; the runtime composes it with sibling items. Review the composed sentence before approval.,both,backend institutional content adapter/answer context + frontend locale-backed card,ಗುಣಮಟ್ಟ ಮತ್ತು ಉತ್ಕೃಷ್ಟತೆ — ಶೈಕ್ಷಣಿಕ ಮತ್ತು ಕಾರ್ಯಾಚರಣಾ ಉತ್ಕೃಷ್ಟತೆಗೆ ಬದ್ಧತೆ,ಗುಣಮಟ್ಟ ಮತ್ತು ಉತ್ಕೃಷ್ಟತೆ — ಶೈಕ್ಷಣಿಕ ಮತ್ತು ಕಾರ್ಯಾಚರಣಾ ಉತ್ಕೃಷ್ಟತೆಗೆ ಬದ್ಧತೆ.,REQUIRES REVIEW,READY_FOR_NATIVE_REVIEW,NO,,,,
kn.institution_overview.additional_details.core_values[2],backend/data/locales/kn.json#institution_overview.additional_details.core_values[2],4. Institution information,Institution information — institution_overview.additional_details.core_values[2],Research & Innovation - Fostering a culture of continuous research and innovation [cite: 100],"Communicate the complete English source meaning without omitting qualifiers, actions, names, numbers, fees, or acronyms: Research & Innovation - Fostering a culture of continuous research and innovation [cite: 100]",ಸಂಶೋಧನೆ ಮತ್ತು ನಾವೀನ್ಯತೆ — ನಿರಂತರ ಸಂಶೋಧನೆ ಮತ್ತು ನಾವೀನ್ಯತೆಯ ಸಂಸ್ಕೃತಿಯನ್ನು ಬೆಳೆಸುವುದು,Working literal gloss: Research & Innovation - Fostering a culture of continuous research and innovation [cite: 100],No omission established by desk review; native reviewer must verify every clause.,No added fact established by desk review; native reviewer must verify register and implications.,No specific defect established; native review required.,No specific defect established; native review required.,No specific defect established; native review required.,No specific defect established; native review required.,No specific defect established; native review required.,Stored list item; the runtime composes it with sibling items. Review the composed sentence before approval.,both,backend institutional content adapter/answer context + frontend locale-backed card,ಸಂಶೋಧನೆ ಮತ್ತು ನಾವೀನ್ಯತೆ — ನಿರಂತರ ಸಂಶೋಧನೆ ಮತ್ತು ನಾವೀನ್ಯತೆಯ ಸಂಸ್ಕೃತಿಯನ್ನು ಬೆಳೆಸುವುದು,ಸಂಶೋಧನೆ ಮತ್ತು ನಾವೀನ್ಯತೆ — ನಿರಂತರ ಸಂಶೋಧನೆ ಮತ್ತು ನಾವೀನ್ಯತೆಯ ಸಂಸ್ಕೃತಿಯನ್ನು ಬೆಳೆಸುವುದು.,REQUIRES REVIEW,READY_FOR_NATIVE_REVIEW,NO,,,,
kn.admissions_and_fees.eligibility,backend/data/locales/kn.json#admissions_and_fees.eligibility,5. Admissions,Admissions card — eligibility,"10+2 with 45% aggregate Physics and Mathematics Chemistry, Biotechnology, Biology, Computer Science, or Electronics 45% aggregate marks SC/ST/Category-1/OBC: 40% aggregate marks (with relaxation) MBA: Graduation with minimum 50% aggregate","Communicate the complete English source meaning without omitting qualifiers, actions, names, numbers, fees, or acronyms: 10+2 with 45% aggregate Physics and Mathematics Chemistry, Biotechnology, Biology, Computer Science, or Electronics 45% aggregate marks SC/ST/Category-1/OBC: 40% aggregate marks (with relaxation) MBA: Graduation with minimum 50% aggregate","10+2 ರಲ್ಲಿ ಒಟ್ಟು 45% ಭೌತಶಾಸ್ತ್ರ ಮತ್ತು ಗಣಿತ ರಸಾಯನಶಾಸ್ತ್ರ, ಜೈವ ತಂತ್ರಜ್ಞಾನ, ಜೀವಶಾಸ್ತ್ರ, ಕಂಪ್ಯೂಟರ್ ಸೈನ್ಸ್ ಅಥವಾ ಎಲೆಕ್ಟ್ರಾನಿಕ್ಸ್ ಸಾಮಾನ್ಯ: 45% ಒಟ್ಟು ಅಂಕಗಳು SC/ST/Category-1/OBC: 40% ಒಟ್ಟು ಅಂಕಗಳು (ಸಡಲಿಕೆಯೊಂದಿಗೆ) MBA: ಕನಿಷ್ಠ 50% ಒಟ್ಟು ಯೋಗ್ಯತೆಯೊಂದಿಗೆ ಪದವಿ","Working literal gloss: 10+2 with 45% aggregate Physics and Mathematics Chemistry, Biotechnology, Biology, Computer Science, or Electronics 45% aggregate marks SC/ST/Category-1/OBC: 40% aggregate marks (with relaxation) MBA: Graduation with minimum 50% aggregate",No omission established by desk review; native reviewer must verify every clause.,No added fact established by desk review; native reviewer must verify register and implications.,No specific defect established; native review required.,No specific defect established; native review required.,No specific defect established; native review required.,No specific defect established; native review required.,No specific defect established; native review required.,None; stored as a complete source value.,both,backend admissions adapter/narration + frontend admissions card locale imports,"10+2 ರಲ್ಲಿ ಒಟ್ಟು 45% ಭೌತಶಾಸ್ತ್ರ ಮತ್ತು ಗಣಿತ ರಸಾಯನಶಾಸ್ತ್ರ, ಜೈವ ತಂತ್ರಜ್ಞಾನ, ಜೀವಶಾಸ್ತ್ರ, ಕಂಪ್ಯೂಟರ್ ಸೈನ್ಸ್ ಅಥವಾ ಎಲೆಕ್ಟ್ರಾನಿಕ್ಸ್ ಸಾಮಾನ್ಯ: 45% ಒಟ್ಟು ಅಂಕಗಳು SC/ST/Category-1/OBC: 40% ಒಟ್ಟು ಅಂಕಗಳು (ಸಡಲಿಕೆಯೊಂದಿಗೆ) MBA: ಕನಿಷ್ಠ 50% ಒಟ್ಟು ಯೋಗ್ಯತೆಯೊಂದಿಗೆ ಪದವಿ","10+2 ರಲ್ಲಿ ಒಟ್ಟು 45% ಭೌತಶಾಸ್ತ್ರ ಮತ್ತು ಗಣಿತ ರಸಾಯನಶಾಸ್ತ್ರ, ಜೈವ ತಂತ್ರಜ್ಞಾನ, ಜೀವಶಾಸ್ತ್ರ, ಕಂಪ್ಯೂಟರ್ ಸೈನ್ಸ್ ಅಥವಾ ಎಲೆಕ್ಟ್ರಾನಿಕ್ಸ್ ಸಾಮಾನ್ಯ: 45% ಒಟ್ಟು ಅಂಕಗಳು SC/ST/Category-1/OBC: 40% ಒಟ್ಟು ಅಂಕಗಳು (ಸಡಲಿಕೆಯೊಂದಿಗೆ) MBA: ಕನಿಷ್ಠ 50% ಒಟ್ಟು ಯೋಗ್ಯತೆಯೊಂದಿಗೆ ಪದವಿ.",YES,READY_FOR_NATIVE_REVIEW,NO,,,,
kn.admissions_and_fees.entrance_exams[0],backend/data/locales/kn.json#admissions_and_fees.entrance_exams[0],5. Admissions,Admissions card — entrance_exams[0],KCET,"Communicate the complete English source meaning without omitting qualifiers, actions, names, numbers, fees, or acronyms: KCET",KCET,Working literal gloss: KCET,No omission established by desk review; native reviewer must verify every clause.,No added fact established by desk review; native reviewer must verify register and implications.,No specific defect established; native review required.,No specific defect established; native review required.,No specific defect established; native review required.,No specific defect established; native review required.,No specific defect established; native review required.,Stored list item; the runtime composes it with sibling items. Review the composed sentence before approval.,both,backend admissions adapter/narration + frontend admissions card locale imports,KCET,KCET.,YES,READY_FOR_NATIVE_REVIEW,NO,,,,
kn.admissions_and_fees.entrance_exams[1],backend/data/locales/kn.json#admissions_and_fees.entrance_exams[1],5. Admissions,Admissions card — entrance_exams[1],COMEDK,"Communicate the complete English source meaning without omitting qualifiers, actions, names, numbers, fees, or acronyms: COMEDK",COMEDK,Working literal gloss: COMEDK,No omission established by desk review; native reviewer must verify every clause.,No added fact established by desk review; native reviewer must verify register and implications.,No specific defect established; native review required.,No specific defect established; native review required.,No specific defect established; native review required.,No specific defect established; native review required.,No specific defect established; native review required.,Stored list item; the runtime composes it with sibling items. Review the composed sentence before approval.,both,backend admissions adapter/narration + frontend admissions card locale imports,COMEDK,COMEDK.,YES,READY_FOR_NATIVE_REVIEW,NO,,,,
kn.admissions_and_fees.entrance_exams[2],backend/data/locales/kn.json#admissions_and_fees.entrance_exams[2],5. Admissions,Admissions card — entrance_exams[2],Management,"Communicate the complete English source meaning without omitting qualifiers, actions, names, numbers, fees, or acronyms: Management",ಮ್ಯಾನೇಜ್‌ಮೆಂಟ್,Working literal gloss: Management,No omission established by desk review; native reviewer must verify every clause.,No added fact established by desk review; native reviewer must verify register and implications.,No specific defect established; native review required.,No specific defect established; native review required.,No specific defect established; native review required.,No specific defect established; native review required.,No specific defect established; native review required.,Stored list item; the runtime composes it with sibling items. Review the composed sentence before approval.,both,backend admissions adapter/narration + frontend admissions card locale imports,Management,Management.,YES,READY_FOR_NATIVE_REVIEW,YES,,,,
kn.admissions_and_fees.entrance_exams[3],backend/data/locales/kn.json#admissions_and_fees.entrance_exams[3],5. Admissions,Admissions card — entrance_exams[3],KCET,"Communicate the complete English source meaning without omitting qualifiers, actions, names, numbers, fees, or acronyms: KCET",KCET (ರಾಜ್ಯ ಕೌನ್ಸೆಲಿಂಗ್),Working literal gloss: KCET,No omission established by desk review; native reviewer must verify every clause.,No added fact established by desk review; native reviewer must verify register and implications.,No specific defect established; native review required.,No specific defect established; native review required.,No specific defect established; native review required.,No specific defect established; native review required.,No specific defect established; native review required.,Stored list item; the runtime composes it with sibling items. Review the composed sentence before approval.,both,backend admissions adapter/narration + frontend admissions card locale imports,KCET (ರಾಜ್ಯ ಕೌನ್ಸೆಲಿಂಗ್),KCET (ರಾಜ್ಯ ಕೌನ್ಸೆಲಿಂಗ್).,YES,READY_FOR_NATIVE_REVIEW,NO,,,,
kn.admissions_and_fees.entrance_exams[4],backend/data/locales/kn.json#admissions_and_fees.entrance_exams[4],5. Admissions,Admissions card — entrance_exams[4],COMEDK,"Communicate the complete English source meaning without omitting qualifiers, actions, names, numbers, fees, or acronyms: COMEDK",COMEDK (ಖಾಸಗಿ/ಮ್ಯಾನೇಜ್‌ಮೆಂಟ್ ಪ್ರವೇಶ),Working literal gloss: COMEDK,No omission established by desk review; native reviewer must verify every clause.,No added fact established by desk review; native reviewer must verify register and implications.,No specific defect established; native review required.,No specific defect established; native review required.,No specific defect established; native review required.,No specific defect established; native review required.,No specific defect established; native review required.,Stored list item; the runtime composes it with sibling items. Review the composed sentence before approval.,both,backend admissions adapter/narration + frontend admissions card locale imports,COMEDK (ಖಾಸಗಿ/ಮ್ಯಾನೇಜ್‌ಮೆಂಟ್ ಪ್ರವೇಶ),COMEDK (ಖಾಸಗಿ/ಮ್ಯಾನೇಜ್‌ಮೆಂಟ್ ಪ್ರವೇಶ).,YES,READY_FOR_NATIVE_REVIEW,NO,,,,
kn.admissions_and_fees.entrance_exams[5],backend/data/locales/kn.json#admissions_and_fees.entrance_exams[5],5. Admissions,Admissions card — entrance_exams[5],Management Quota,"Communicate the complete English source meaning without omitting qualifiers, actions, names, numbers, fees, or acronyms: Management Quota",ಮ್ಯಾನೇಜ್‌ಮೆಂಟ್ ಕೋಟಾ (ನೇರ ಪ್ರವೇಶ ಲಭ್ಯ),Working literal gloss: Management Quota,No omission established by desk review; native reviewer must verify every clause.,No added fact established by desk review; native reviewer must verify register and implications.,No specific defect established; native review required.,No specific defect established; native review required.,No specific defect established; native review required.,No specific defect established; native review required.,No specific defect established; native review required.,Stored list item; the runtime composes it with sibling items. Review the composed sentence before approval.,both,backend admissions adapter/narration + frontend admissions card locale imports,ಮ್ಯಾನೇಜ್‌ಮೆಂಟ್ ಕೋಟಾ (ನೇರ ಪ್ರವೇಶ ಲಭ್ಯ),ಮ್ಯಾನೇಜ್‌ಮೆಂಟ್ ಕೋಟಾ (ನೇರ ಪ್ರವೇಶ ಲಭ್ಯ).,YES,READY_FOR_NATIVE_REVIEW,NO,,,,
kn.admissions_and_fees.fee_structures.ug_kcet,backend/data/locales/kn.json#admissions_and_fees.fee_structures.ug_kcet,8. Fees,Admissions card — fee_structures.ug_kcet,As per Government/KEA norms. Please contact Admission Block for the latest official KCET fee.,"Communicate the complete English source meaning without omitting qualifiers, actions, names, numbers, fees, or acronyms: As per Government/KEA norms. Please contact Admission Block for the latest official KCET fee.",ಸರ್ಕಾರಿ/KEA ಮಾನದಂಡಗಳಿಗೆ ಅನುಗುಣವಾಗಿ. ಇತ್ತೀಚಿನ ಅಧಿಕೃತ KCET ಶುಲ್ಕಕ್ಕಾಗಿ ದಯವಿಟ್ಟು ಪ್ರವೇಶ ವಿಭಾಗವನ್ನು ಸಂಪರ್ಕಿಸಿ.,Working literal gloss: As per Government/KEA norms. Please contact Admission Block for the latest official KCET fee.,No omission established by desk review; native reviewer must verify every clause.,No added fact established by desk review; native reviewer must verify register and implications.,No specific defect established; native review required.,No specific defect established; native review required.,No specific defect established; native review required.,No specific defect established; native review required.,No specific defect established; native review required.,None; stored as a complete source value.,both,backend admissions adapter/narration + frontend admissions card locale imports,ಸರ್ಕಾರಿ/KEA ಮಾನದಂಡಗಳಿಗೆ ಅನುಗುಣವಾಗಿ. ಇತ್ತೀಚಿನ ಅಧಿಕೃತ KCET ಶುಲ್ಕಕ್ಕಾಗಿ ದಯವಿಟ್ಟು ಪ್ರವೇಶ ವಿಭಾಗವನ್ನು ಸಂಪರ್ಕಿಸಿ.,ಸರ್ಕಾರಿ/KEA ಮಾನದಂಡಗಳಿಗೆ ಅನುಗುಣವಾಗಿ. ಇತ್ತೀಚಿನ ಅಧಿಕೃತ KCET ಶುಲ್ಕಕ್ಕಾಗಿ ದಯವಿಟ್ಟು ಪ್ರವೇಶ ವಿಭಾಗವನ್ನು ಸಂಪರ್ಕಿಸಿ.,YES,READY_FOR_NATIVE_REVIEW,NO,,,,
kn.admissions_and_fees.fee_structures.additional_fees,backend/data/locales/kn.json#admissions_and_fees.fee_structures.additional_fees,8. Fees,Admissions card — fee_structures.additional_fees,"Hostel, examination, and other statutory fees may apply in addition to tuition. Visit the Admission Block for the complete schedule and payment options.","Communicate the complete English source meaning without omitting qualifiers, actions, names, numbers, fees, or acronyms: Hostel, examination, and other statutory fees may apply in addition to tuition. Visit the Admission Block for the complete schedule and payment options.","ಶಿಕ್ಷಣ ಶುಲ್ಕದ ಜೊತೆಗೆ ವಸತಿ, ಪರೀಕ್ಷೆ ಮತ್ತು ಇತರ ವಿಧಿಬದ್ಧ ಶುಲ್ಕಗಳು ಅನ್ವಯವಾಗಬಹುದು. ಸಂಪೂರ್ಣ ವೇಳಾಪಟ್ಟಿ ಮತ್ತು ಪಾವತಿ ಆಯ್ಕೆಗಳಿಗಾಗಿ ಪ್ರವೇಶ ವಿಭಾಗವನ್ನು ಸಂಪರ್ಕಿಸಿ.","Working literal gloss: Hostel, examination, and other statutory fees may apply in addition to tuition. Visit the Admission Block for the complete schedule and payment options.",No omission established by desk review; native reviewer must verify every clause.,No added fact established by desk review; native reviewer must verify register and implications.,No specific defect established; native review required.,No specific defect established; native review required.,No specific defect established; native review required.,No specific defect established; native review required.,No specific defect established; native review required.,None; stored as a complete source value.,both,backend admissions adapter/narration + frontend admissions card locale imports,"ಶಿಕ್ಷಣ ಶುಲ್ಕದ ಜೊತೆಗೆ ವಸತಿ, ಪರೀಕ್ಷೆ ಮತ್ತು ಇತರ ವಿಧಿಬದ್ಧ ಶುಲ್ಕಗಳು ಅನ್ವಯವಾಗಬಹುದು. ಸಂಪೂರ್ಣ ವೇಳಾಪಟ್ಟಿ ಮತ್ತು ಪಾವತಿ ಆಯ್ಕೆಗಳಿಗಾಗಿ ಪ್ರವೇಶ ವಿಭಾಗವನ್ನು ಸಂಪರ್ಕಿಸಿ.","ಶಿಕ್ಷಣ ಶುಲ್ಕದ ಜೊತೆಗೆ ವಸತಿ, ಪರೀಕ್ಷೆ ಮತ್ತು ಇತರ ವಿಧಿಬದ್ಧ ಶುಲ್ಕಗಳು ಅನ್ವಯವಾಗಬಹುದು. ಸಂಪೂರ್ಣ ವೇಳಾಪಟ್ಟಿ ಮತ್ತು ಪಾವತಿ ಆಯ್ಕೆಗಳಿಗಾಗಿ ಪ್ರವೇಶ ವಿಭಾಗವನ್ನು ಸಂಪರ್ಕಿಸಿ.",YES,READY_FOR_NATIVE_REVIEW,NO,,,,
kn.admissions_and_fees.scholarships,backend/data/locales/kn.json#admissions_and_fees.scholarships,5. Admissions,Admissions card — scholarships,"SSP - Post-Metric Scholarship for SC/ST Students Fee Reimbursement for SC/ST Students Fee Concession for Category I, II, and III Students National Scholarship Portal (NSP) - Minority Religion Scholarship Defence Scholarship","Communicate the complete English source meaning without omitting qualifiers, actions, names, numbers, fees, or acronyms: SSP - Post-Metric Scholarship for SC/ST Students Fee Reimbursement for SC/ST Students Fee Concession for Category I, II, and III Students National Scholarship Portal (NSP) - Minority Religion Scholarship Defence Scholarship","SSP — SC/ST ವಿದ್ಯಾರ್ಥಿಗಳಿಗೆ ಪೋಸ್ಟ್-ಮೆಟ್ರಿಕ್ ವಿದ್ಯಾರ್ಥಿವೇತನ; SC/ST ವಿದ್ಯಾರ್ಥಿಗಳಿಗೆ ಶುಲ್ಕ ಮರುಪಾವತಿ; ವರ್ಗ I, II ಮತ್ತು III ವಿದ್ಯಾರ್ಥಿಗಳಿಗೆ ಶುಲ್ಕ ರಿಯಾಯಿತಿ; National Scholarship Portal (NSP) — ಅಲ್ಪಸಂಖ್ಯಾತ ಧರ್ಮ ವಿದ್ಯಾರ್ಥಿವೇತನ; ರಕ್ಷಣಾ ವಿದ್ಯಾರ್ಥಿವೇತನ","Working literal gloss: SSP - Post-Metric Scholarship for SC/ST Students Fee Reimbursement for SC/ST Students Fee Concession for Category I, II, and III Students National Scholarship Portal (NSP) - Minority Religion Scholarship Defence Scholarship",No omission established by desk review; native reviewer must verify every clause.,No added fact established by desk review; native reviewer must verify register and implications.,No specific defect established; native review required.,No specific defect established; native review required.,No specific defect established; native review required.,No specific defect established; native review required.,No specific defect established; native review required.,None; stored as a complete source value.,both,backend admissions adapter/narration + frontend admissions card locale imports,"SSP — SC/ST ವಿದ್ಯಾರ್ಥಿಗಳಿಗೆ ಪೋಸ್ಟ್-ಮೆಟ್ರಿಕ್ ವಿದ್ಯಾರ್ಥಿವೇತನ; SC/ST ವಿದ್ಯಾರ್ಥಿಗಳಿಗೆ ಶುಲ್ಕ ಮರುಪಾವತಿ; ವರ್ಗ I, II ಮತ್ತು III ವಿದ್ಯಾರ್ಥಿಗಳಿಗೆ ಶುಲ್ಕ ರಿಯಾಯಿತಿ; National Scholarship Portal (NSP) — ಅಲ್ಪಸಂಖ್ಯಾತ ಧರ್ಮ ವಿದ್ಯಾರ್ಥಿವೇತನ; ರಕ್ಷಣಾ ವಿದ್ಯಾರ್ಥಿವೇತನ","SSP — SC/ST ವಿದ್ಯಾರ್ಥಿಗಳಿಗೆ ಪೋಸ್ಟ್-ಮೆಟ್ರಿಕ್ ವಿದ್ಯಾರ್ಥಿವೇತನ; SC/ST ವಿದ್ಯಾರ್ಥಿಗಳಿಗೆ ಶುಲ್ಕ ಮರುಪಾವತಿ; ವರ್ಗ I, II ಮತ್ತು III ವಿದ್ಯಾರ್ಥಿಗಳಿಗೆ ಶುಲ್ಕ ರಿಯಾಯಿತಿ; National Scholarship Portal (NSP) — ಅಲ್ಪಸಂಖ್ಯಾತ ಧರ್ಮ ವಿದ್ಯಾರ್ಥಿವೇತನ; ರಕ್ಷಣಾ ವಿದ್ಯಾರ್ಥಿವೇತನ.",YES,READY_FOR_NATIVE_REVIEW,NO,,,,
kn.admissions_and_fees.additional_details.admission_and_eligibility.be_programs.qualification,backend/data/locales/kn.json#admissions_and_fees.additional_details.admission_and_eligibility.be_programs.qualification,5. Admissions,Admissions card — additional_details.admission_and_eligibility.be_programs.qualification,10+2 with 45% aggregate,"Communicate the complete English source meaning without omitting qualifiers, actions, names, numbers, fees, or acronyms: 10+2 with 45% aggregate",10+2 ರಲ್ಲಿ ಒಟ್ಟು 45%,Working literal gloss: 10+2 with 45% aggregate,No omission established by desk review; native reviewer must verify every clause.,No added fact established by desk review; native reviewer must verify register and implications.,No specific defect established; native review required.,No specific defect established; native review required.,No specific defect established; native review required.,No specific defect established; native review required.,No specific defect established; native review required.,None; stored as a complete source value.,both,backend admissions adapter/narration + frontend admissions card locale imports,10+2 ರಲ್ಲಿ ಒಟ್ಟು 45%,10+2 ರಲ್ಲಿ ಒಟ್ಟು 45%.,YES,READY_FOR_NATIVE_REVIEW,NO,,,,
kn.admissions_and_fees.additional_details.admission_and_eligibility.be_programs.compulsory_subjects,backend/data/locales/kn.json#admissions_and_fees.additional_details.admission_and_eligibility.be_programs.compulsory_subjects,5. Admissions,Admissions card — additional_details.admission_and_eligibility.be_programs.compulsory_subjects,Physics and Mathematics,"Communicate the complete English source meaning without omitting qualifiers, actions, names, numbers, fees, or acronyms: Physics and Mathematics",ಭೌತಶಾಸ್ತ್ರ ಮತ್ತು ಗಣಿತ,Working literal gloss: Physics and Mathematics,No omission established by desk review; native reviewer must verify every clause.,No added fact established by desk review; native reviewer must verify register and implications.,No specific defect established; native review required.,No specific defect established; native review required.,No specific defect established; native review required.,No specific defect established; native review required.,No specific defect established; native review required.,None; stored as a complete source value.,both,backend admissions adapter/narration + frontend admissions card locale imports,ಭೌತಶಾಸ್ತ್ರ ಮತ್ತು ಗಣಿತ,ಭೌತಶಾಸ್ತ್ರ ಮತ್ತು ಗಣಿತ.,YES,READY_FOR_NATIVE_REVIEW,NO,,,,
kn.admissions_and_fees.additional_details.admission_and_eligibility.be_programs.optional_subjects,backend/data/locales/kn.json#admissions_and_fees.additional_details.admission_and_eligibility.be_programs.optional_subjects,5. Admissions,Admissions card — additional_details.admission_and_eligibility.be_programs.optional_subjects,"Chemistry, Biotechnology, Biology, Computer Science, or Electronics","Communicate the complete English source meaning without omitting qualifiers, actions, names, numbers, fees, or acronyms: Chemistry, Biotechnology, Biology, Computer Science, or Electronics","ರಸಾಯನಶಾಸ್ತ್ರ, ಜೈವ ತಂತ್ರಜ್ಞಾನ, ಜೀವಶಾಸ್ತ್ರ, ಕಂಪ್ಯೂಟರ್ ಸೈನ್ಸ್ ಅಥವಾ ಎಲೆಕ್ಟ್ರಾನಿಕ್ಸ್","Working literal gloss: Chemistry, Biotechnology, Biology, Computer Science, or Electronics",No omission established by desk review; native reviewer must verify every clause.,No added fact established by desk review; native reviewer must verify register and implications.,No specific defect established; native review required.,No specific defect established; native review required.,No specific defect established; native review required.,No specific defect established; native review required.,No specific defect established; native review required.,None; stored as a complete source value.,both,backend admissions adapter/narration + frontend admissions card locale imports,"ರಸಾಯನಶಾಸ್ತ್ರ, ಜೈವ ತಂತ್ರಜ್ಞಾನ, ಜೀವಶಾಸ್ತ್ರ, ಕಂಪ್ಯೂಟರ್ ಸೈನ್ಸ್ ಅಥವಾ ಎಲೆಕ್ಟ್ರಾನಿಕ್ಸ್","ರಸಾಯನಶಾಸ್ತ್ರ, ಜೈವ ತಂತ್ರಜ್ಞಾನ, ಜೀವಶಾಸ್ತ್ರ, ಕಂಪ್ಯೂಟರ್ ಸೈನ್ಸ್ ಅಥವಾ ಎಲೆಕ್ಟ್ರಾನಿಕ್ಸ್.",YES,READY_FOR_NATIVE_REVIEW,NO,,,,
kn.admissions_and_fees.additional_details.admission_and_eligibility.be_programs.requirements_general,backend/data/locales/kn.json#admissions_and_fees.additional_details.admission_and_eligibility.be_programs.requirements_general,5. Admissions,Admissions card — additional_details.admission_and_eligibility.be_programs.requirements_general,45% aggregate marks,"Communicate the complete English source meaning without omitting qualifiers, actions, names, numbers, fees, or acronyms: 45% aggregate marks",ಸಾಮಾನ್ಯ ವರ್ಗ: ಒಟ್ಟು 45% ಅಂಕಗಳು,Working literal gloss: 45% aggregate marks,No omission established by desk review; native reviewer must verify every clause.,No added fact established by desk review; native reviewer must verify register and implications.,No specific defect established; native review required.,No specific defect established; native review required.,No specific defect established; native review required.,No specific defect established; native review required.,No specific defect established; native review required.,None; stored as a complete source value.,both,backend admissions adapter/narration + frontend admissions card locale imports,ಸಾಮಾನ್ಯ ವರ್ಗ: ಒಟ್ಟು 45% ಅಂಕಗಳು,ಸಾಮಾನ್ಯ ವರ್ಗ: ಒಟ್ಟು 45% ಅಂಕಗಳು.,YES,READY_FOR_NATIVE_REVIEW,NO,,,,
kn.admissions_and_fees.additional_details.admission_and_eligibility.be_programs.requirements_reserved,backend/data/locales/kn.json#admissions_and_fees.additional_details.admission_and_eligibility.be_programs.requirements_reserved,5. Admissions,Admissions card — additional_details.admission_and_eligibility.be_programs.requirements_reserved,SC/ST/Category-1/OBC: 40% aggregate marks (with relaxation),"Communicate the complete English source meaning without omitting qualifiers, actions, names, numbers, fees, or acronyms: SC/ST/Category-1/OBC: 40% aggregate marks (with relaxation)",SC/ST/Category-1/OBC: ಒಟ್ಟು 40% ಅಂಕಗಳು (ಸಡಲಿಕೆಯೊಂದಿಗೆ),Working literal gloss: SC/ST/Category-1/OBC: 40% aggregate marks (with relaxation),No omission established by desk review; native reviewer must verify every clause.,No added fact established by desk review; native reviewer must verify register and implications.,No specific defect established; native review required.,No specific defect established; native review required.,No specific defect established; native review required.,No specific defect established; native review required.,No specific defect established; native review required.,None; stored as a complete source value.,both,backend admissions adapter/narration + frontend admissions card locale imports,SC/ST/Category-1/OBC: ಒಟ್ಟು 40% ಅಂಕಗಳು (ಸಡಲಿಕೆಯೊಂದಿಗೆ),SC/ST/Category-1/OBC: ಒಟ್ಟು 40% ಅಂಕಗಳು (ಸಡಲಿಕೆಯೊಂದಿಗೆ).,YES,READY_FOR_NATIVE_REVIEW,NO,,,,
kn.admissions_and_fees.additional_details.admission_and_eligibility.be_programs.entrance_exams[0],backend/data/locales/kn.json#admissions_and_fees.additional_details.admission_and_eligibility.be_programs.entrance_exams[0],5. Admissions,Admissions card — additional_details.admission_and_eligibility.be_programs.entrance_exams[0],KCET,"Communicate the complete English source meaning without omitting qualifiers, actions, names, numbers, fees, or acronyms: KCET",KCET (ರಾಜ್ಯ ಕೌನ್ಸೆಲಿಂಗ್),Working literal gloss: KCET,No omission established by desk review; native reviewer must verify every clause.,No added fact established by desk review; native reviewer must verify register and implications.,No specific defect established; native review required.,No specific defect established; native review required.,No specific defect established; native review required.,No specific defect established; native review required.,No specific defect established; native review required.,Stored list item; the runtime composes it with sibling items. Review the composed sentence before approval.,both,backend admissions adapter/narration + frontend admissions card locale imports,KCET (ರಾಜ್ಯ ಕೌನ್ಸೆಲಿಂಗ್),KCET (ರಾಜ್ಯ ಕೌನ್ಸೆಲಿಂಗ್).,YES,READY_FOR_NATIVE_REVIEW,NO,,,,
kn.admissions_and_fees.additional_details.admission_and_eligibility.be_programs.entrance_exams[1],backend/data/locales/kn.json#admissions_and_fees.additional_details.admission_and_eligibility.be_programs.entrance_exams[1],5. Admissions,Admissions card — additional_details.admission_and_eligibility.be_programs.entrance_exams[1],COMEDK,"Communicate the complete English source meaning without omitting qualifiers, actions, names, numbers, fees, or acronyms: COMEDK",COMEDK (ಖಾಸಗಿ/ಮ್ಯಾನೇಜ್‌ಮೆಂಟ್ ಪ್ರವೇಶ),Working literal gloss: COMEDK,No omission established by desk review; native reviewer must verify every clause.,No added fact established by desk review; native reviewer must verify register and implications.,No specific defect established; native review required.,No specific defect established; native review required.,No specific defect established; native review required.,No specific defect established; native review required.,No specific defect established; native review required.,Stored list item; the runtime composes it with sibling items. Review the composed sentence before approval.,both,backend admissions adapter/narration + frontend admissions card locale imports,COMEDK (ಖಾಸಗಿ/ಮ್ಯಾನೇಜ್‌ಮೆಂಟ್ ಪ್ರವೇಶ),COMEDK (ಖಾಸಗಿ/ಮ್ಯಾನೇಜ್‌ಮೆಂಟ್ ಪ್ರವೇಶ).,YES,READY_FOR_NATIVE_REVIEW,NO,,,,
kn.admissions_and_fees.additional_details.admission_and_eligibility.be_programs.entrance_exams[2],backend/data/locales/kn.json#admissions_and_fees.additional_details.admission_and_eligibility.be_programs.entrance_exams[2],5. Admissions,Admissions card — additional_details.admission_and_eligibility.be_programs.entrance_exams[2],Management Quota,"Communicate the complete English source meaning without omitting qualifiers, actions, names, numbers, fees, or acronyms: Management Quota",ಮ್ಯಾನೇಜ್‌ಮೆಂಟ್ ಕೋಟಾ (ನೇರ ಪ್ರವೇಶ ಲಭ್ಯ),Working literal gloss: Management Quota,No omission established by desk review; native reviewer must verify every clause.,No added fact established by desk review; native reviewer must verify register and implications.,No specific defect established; native review required.,No specific defect established; native review required.,No specific defect established; native review required.,No specific defect established; native review required.,No specific defect established; native review required.,Stored list item; the runtime composes it with sibling items. Review the composed sentence before approval.,both,backend admissions adapter/narration + frontend admissions card locale imports,ಮ್ಯಾನೇಜ್‌ಮೆಂಟ್ ಕೋಟಾ (ನೇರ ಪ್ರವೇಶ ಲಭ್ಯ),ಮ್ಯಾನೇಜ್‌ಮೆಂಟ್ ಕೋಟಾ (ನೇರ ಪ್ರವೇಶ ಲಭ್ಯ).,YES,READY_FOR_NATIVE_REVIEW,NO,,,,
kn.admissions_and_fees.additional_details.admission_and_eligibility.mba_programs.qualification,backend/data/locales/kn.json#admissions_and_fees.additional_details.admission_and_eligibility.mba_programs.qualification,5. Admissions,Admissions card — additional_details.admission_and_eligibility.mba_programs.qualification,Graduation with minimum 50% aggregate,"Communicate the complete English source meaning without omitting qualifiers, actions, names, numbers, fees, or acronyms: Graduation with minimum 50% aggregate",ಕನಿಷ್ಠ 50% ಒಟ್ಟು ಅಂಕಗಳೊಂದಿಗೆ ಪದವಿ,Working literal gloss: Graduation with minimum 50% aggregate,No omission established by desk review; native reviewer must verify every clause.,No added fact established by desk review; native reviewer must verify register and implications.,The sentence has been redrafted as a complete candidate; native reviewer must validate grammar.,No specific defect established; native review required.,Candidate uses revised Kannada ordering; native reviewer must compare it with the current construction.,Candidate targets consistent respectful kiosk language; approval is pending.,No specific defect established; native review required.,None; stored as a complete source value.,both,backend admissions adapter/narration + frontend admissions card locale imports,ಕನಿಷ್ಠ 50% ಒಟ್ಟು ಯೋಗ್ಯತೆಯೊಂದಿಗೆ ಪದವಿ,ಕನಿಷ್ಠ 50% ಒಟ್ಟು ಯೋಗ್ಯತೆಯೊಂದಿಗೆ ಪದವಿ.,YES,READY_FOR_NATIVE_REVIEW,YES,,,,
kn.admissions_and_fees.additional_details.admission_and_eligibility.mba_programs.entrance_exams[0],backend/data/locales/kn.json#admissions_and_fees.additional_details.admission_and_eligibility.mba_programs.entrance_exams[0],5. Admissions,Admissions card — additional_details.admission_and_eligibility.mba_programs.entrance_exams[0],CAT,"Communicate the complete English source meaning without omitting qualifiers, actions, names, numbers, fees, or acronyms: CAT",CAT,Working literal gloss: CAT,No omission established by desk review; native reviewer must verify every clause.,No added fact established by desk review; native reviewer must verify register and implications.,No specific defect established; native review required.,No specific defect established; native review required.,No specific defect established; native review required.,No specific defect established; native review required.,No specific defect established; native review required.,Stored list item; the runtime composes it with sibling items. Review the composed sentence before approval.,both,backend admissions adapter/narration + frontend admissions card locale imports,CAT,CAT.,YES,READY_FOR_NATIVE_REVIEW,NO,,,,
kn.admissions_and_fees.additional_details.admission_and_eligibility.mba_programs.entrance_exams[1],backend/data/locales/kn.json#admissions_and_fees.additional_details.admission_and_eligibility.mba_programs.entrance_exams[1],5. Admissions,Admissions card — additional_details.admission_and_eligibility.mba_programs.entrance_exams[1],MAT,"Communicate the complete English source meaning without omitting qualifiers, actions, names, numbers, fees, or acronyms: MAT",MAT,Working literal gloss: MAT,No omission established by desk review; native reviewer must verify every clause.,No added fact established by desk review; native reviewer must verify register and implications.,No specific defect established; native review required.,No specific defect established; native review required.,No specific defect established; native review required.,No specific defect established; native review required.,No specific defect established; native review required.,Stored list item; the runtime composes it with sibling items. Review the composed sentence before approval.,both,backend admissions adapter/narration + frontend admissions card locale imports,MAT,MAT.,YES,READY_FOR_NATIVE_REVIEW,NO,,,,
kn.admissions_and_fees.additional_details.admission_and_eligibility.mba_programs.entrance_exams[2],backend/data/locales/kn.json#admissions_and_fees.additional_details.admission_and_eligibility.mba_programs.entrance_exams[2],5. Admissions,Admissions card — additional_details.admission_and_eligibility.mba_programs.entrance_exams[2],XAT,"Communicate the complete English source meaning without omitting qualifiers, actions, names, numbers, fees, or acronyms: XAT",XAT,Working literal gloss: XAT,No omission established by desk review; native reviewer must verify every clause.,No added fact established by desk review; native reviewer must verify register and implications.,No specific defect established; native review required.,No specific defect established; native review required.,No specific defect established; native review required.,No specific defect established; native review required.,No specific defect established; native review required.,Stored list item; the runtime composes it with sibling items. Review the composed sentence before approval.,both,backend admissions adapter/narration + frontend admissions card locale imports,XAT,XAT.,YES,READY_FOR_NATIVE_REVIEW,NO,,,,
kn.admissions_and_fees.additional_details.admission_and_eligibility.mba_programs.entrance_exams[3],backend/data/locales/kn.json#admissions_and_fees.additional_details.admission_and_eligibility.mba_programs.entrance_exams[3],5. Admissions,Admissions card — additional_details.admission_and_eligibility.mba_programs.entrance_exams[3],CMAT,"Communicate the complete English source meaning without omitting qualifiers, actions, names, numbers, fees, or acronyms: CMAT",CMAT,Working literal gloss: CMAT,No omission established by desk review; native reviewer must verify every clause.,No added fact established by desk review; native reviewer must verify register and implications.,No specific defect established; native review required.,No specific defect established; native review required.,No specific defect established; native review required.,No specific defect established; native review required.,No specific defect established; native review required.,Stored list item; the runtime composes it with sibling items. Review the composed sentence before approval.,both,backend admissions adapter/narration + frontend admissions card locale imports,CMAT,CMAT.,YES,READY_FOR_NATIVE_REVIEW,NO,,,,
kn.admissions_and_fees.additional_details.admission_and_eligibility.mba_programs.entrance_exams[4],backend/data/locales/kn.json#admissions_and_fees.additional_details.admission_and_eligibility.mba_programs.entrance_exams[4],5. Admissions,Admissions card — additional_details.admission_and_eligibility.mba_programs.entrance_exams[4],KMAT,"Communicate the complete English source meaning without omitting qualifiers, actions, names, numbers, fees, or acronyms: KMAT",KMAT,Working literal gloss: KMAT,No omission established by desk review; native reviewer must verify every clause.,No added fact established by desk review; native reviewer must verify register and implications.,No specific defect established; native review required.,No specific defect established; native review required.,No specific defect established; native review required.,No specific defect established; native review required.,No specific defect established; native review required.,Stored list item; the runtime composes it with sibling items. Review the composed sentence before approval.,both,backend admissions adapter/narration + frontend admissions card locale imports,KMAT,KMAT.,YES,READY_FOR_NATIVE_REVIEW,NO,,,,
kn.admissions_and_fees.additional_details.admission_and_eligibility.mba_programs.entrance_exams[5],backend/data/locales/kn.json#admissions_and_fees.additional_details.admission_and_eligibility.mba_programs.entrance_exams[5],5. Admissions,Admissions card — additional_details.admission_and_eligibility.mba_programs.entrance_exams[5],PGCET,"Communicate the complete English source meaning without omitting qualifiers, actions, names, numbers, fees, or acronyms: PGCET",PGCET,Working literal gloss: PGCET,No omission established by desk review; native reviewer must verify every clause.,No added fact established by desk review; native reviewer must verify register and implications.,No specific defect established; native review required.,No specific defect established; native review required.,No specific defect established; native review required.,No specific defect established; native review required.,No specific defect established; native review required.,Stored list item; the runtime composes it with sibling items. Review the composed sentence before approval.,both,backend admissions adapter/narration + frontend admissions card locale imports,PGCET,PGCET.,YES,READY_FOR_NATIVE_REVIEW,NO,,,,
kn.admissions_and_fees.additional_details.admission_and_eligibility.mba_programs.expected_cutoff,backend/data/locales/kn.json#admissions_and_fees.additional_details.admission_and_eligibility.mba_programs.expected_cutoff,5. Admissions,Admissions card — additional_details.admission_and_eligibility.mba_programs.expected_cutoff,55-65 percentile (General),"Communicate the complete English source meaning without omitting qualifiers, actions, names, numbers, fees, or acronyms: 55-65 percentile (General)",ನಿರೀಕ್ಷಿತ ಕಟ್-ಆಫ್ (ಸಾಮಾನ್ಯ): 55–65 ಪರ್ಸೆಂಟೈಲ್,Working literal gloss: 55-65 percentile (General),No omission established by desk review; native reviewer must verify every clause.,No added fact established by desk review; native reviewer must verify register and implications.,The sentence has been redrafted as a complete candidate; native reviewer must validate grammar.,No specific defect established; native review required.,Candidate uses revised Kannada ordering; native reviewer must compare it with the current construction.,Candidate targets consistent respectful kiosk language; approval is pending.,No specific defect established; native review required.,None; stored as a complete source value.,both,backend admissions adapter/narration + frontend admissions card locale imports,ನಿರೀಕ್ಷಿತ ಕಟ್-ಆಫ್ (ಸಾಮಾನ್ಯ): 55-65 percentile,ನಿರೀಕ್ಷಿತ ಕಟ್-ಆಫ್ (ಸಾಮಾನ್ಯ): 55-65 percentile.,YES,READY_FOR_NATIVE_REVIEW,YES,,,,
kn.admissions_and_fees.additional_details.fees_structure.management_quota_engineering_annual.CSE,backend/data/locales/kn.json#admissions_and_fees.additional_details.fees_structure.management_quota_engineering_annual.CSE,8. Fees,Admissions card — additional_details.fees_structure.management_quota_engineering_annual.CSE,"₹3,25,000","Communicate the complete English source meaning without omitting qualifiers, actions, names, numbers, fees, or acronyms: ₹3,25,000","₹3,25,000","Working literal gloss: ₹3,25,000",No omission established by desk review; native reviewer must verify every clause.,No added fact established by desk review; native reviewer must verify register and implications.,No specific defect established; native review required.,No specific defect established; native review required.,No specific defect established; native review required.,No specific defect established; native review required.,No specific defect established; native review required.,None; stored as a complete source value.,both,backend admissions adapter/narration + frontend admissions card locale imports,"₹3,25,000","₹3,25,000.",YES,READY_FOR_NATIVE_REVIEW,NO,,,,
kn.admissions_and_fees.additional_details.fees_structure.management_quota_engineering_annual.CSE (AI & ML),backend/data/locales/kn.json#admissions_and_fees.additional_details.fees_structure.management_quota_engineering_annual.CSE (AI & ML),8. Fees,Admissions card — additional_details.fees_structure.management_quota_engineering_annual.CSE (AI & ML),"₹3,25,000","Communicate the complete English source meaning without omitting qualifiers, actions, names, numbers, fees, or acronyms: ₹3,25,000","₹3,25,000","Working literal gloss: ₹3,25,000",No omission established by desk review; native reviewer must verify every clause.,No added fact established by desk review; native reviewer must verify register and implications.,No specific defect established; native review required.,No specific defect established; native review required.,No specific defect established; native review required.,No specific defect established; native review required.,No specific defect established; native review required.,None; stored as a complete source value.,both,backend admissions adapter/narration + frontend admissions card locale imports,"₹3,25,000","₹3,25,000.",YES,READY_FOR_NATIVE_REVIEW,NO,,,,
kn.admissions_and_fees.additional_details.fees_structure.management_quota_engineering_annual.CSE (Cyber Security),backend/data/locales/kn.json#admissions_and_fees.additional_details.fees_structure.management_quota_engineering_annual.CSE (Cyber Security),8. Fees,Admissions card — additional_details.fees_structure.management_quota_engineering_annual.CSE (Cyber Security),"₹3,25,000","Communicate the complete English source meaning without omitting qualifiers, actions, names, numbers, fees, or acronyms: ₹3,25,000","₹3,25,000","Working literal gloss: ₹3,25,000",No omission established by desk review; native reviewer must verify every clause.,No added fact established by desk review; native reviewer must verify register and implications.,No specific defect established; native review required.,No specific defect established; native review required.,No specific defect established; native review required.,No specific defect established; native review required.,No specific defect established; native review required.,None; stored as a complete source value.,both,backend admissions adapter/narration + frontend admissions card locale imports,"₹3,25,000","₹3,25,000.",YES,READY_FOR_NATIVE_REVIEW,NO,,,,
kn.admissions_and_fees.additional_details.fees_structure.management_quota_engineering_annual.CSE(Data Science),backend/data/locales/kn.json#admissions_and_fees.additional_details.fees_structure.management_quota_engineering_annual.CSE(Data Science),8. Fees,Admissions card — additional_details.fees_structure.management_quota_engineering_annual.CSE(Data Science),"₹3,00,000","Communicate the complete English source meaning without omitting qualifiers, actions, names, numbers, fees, or acronyms: ₹3,00,000","₹3,00,000","Working literal gloss: ₹3,00,000",No omission established by desk review; native reviewer must verify every clause.,No added fact established by desk review; native reviewer must verify register and implications.,No specific defect established; native review required.,No specific defect established; native review required.,No specific defect established; native review required.,No specific defect established; native review required.,No specific defect established; native review required.,None; stored as a complete source value.,both,backend admissions adapter/narration + frontend admissions card locale imports,"₹3,00,000","₹3,00,000.",YES,READY_FOR_NATIVE_REVIEW,NO,,,,
kn.admissions_and_fees.additional_details.fees_structure.management_quota_engineering_annual.CS(Business System),backend/data/locales/kn.json#admissions_and_fees.additional_details.fees_structure.management_quota_engineering_annual.CS(Business System),8. Fees,Admissions card — additional_details.fees_structure.management_quota_engineering_annual.CS(Business System),"₹2,75,000","Communicate the complete English source meaning without omitting qualifiers, actions, names, numbers, fees, or acronyms: ₹2,75,000","₹2,75,000","Working literal gloss: ₹2,75,000",No omission established by desk review; native reviewer must verify every clause.,No added fact established by desk review; native reviewer must verify register and implications.,No specific defect established; native review required.,No specific defect established; native review required.,No specific defect established; native review required.,No specific defect established; native review required.,No specific defect established; native review required.,None; stored as a complete source value.,both,backend admissions adapter/narration + frontend admissions card locale imports,"₹2,75,000","₹2,75,000.",YES,READY_FOR_NATIVE_REVIEW,NO,,,,
kn.admissions_and_fees.additional_details.fees_structure.management_quota_engineering_annual.ECE,backend/data/locales/kn.json#admissions_and_fees.additional_details.fees_structure.management_quota_engineering_annual.ECE,8. Fees,Admissions card — additional_details.fees_structure.management_quota_engineering_annual.ECE,"₹2,50,000","Communicate the complete English source meaning without omitting qualifiers, actions, names, numbers, fees, or acronyms: ₹2,50,000","₹2,50,000","Working literal gloss: ₹2,50,000",No omission established by desk review; native reviewer must verify every clause.,No added fact established by desk review; native reviewer must verify register and implications.,No specific defect established; native review required.,No specific defect established; native review required.,No specific defect established; native review required.,No specific defect established; native review required.,No specific defect established; native review required.,None; stored as a complete source value.,both,backend admissions adapter/narration + frontend admissions card locale imports,"₹2,50,000","₹2,50,000.",YES,READY_FOR_NATIVE_REVIEW,NO,,,,
kn.admissions_and_fees.additional_details.fees_structure.management_quota_engineering_annual.Civil Engineering,backend/data/locales/kn.json#admissions_and_fees.additional_details.fees_structure.management_quota_engineering_annual.Civil Engineering,8. Fees,Admissions card — additional_details.fees_structure.management_quota_engineering_annual.Civil Engineering,"₹1,25,000","Communicate the complete English source meaning without omitting qualifiers, actions, names, numbers, fees, or acronyms: ₹1,25,000","₹1,25,000","Working literal gloss: ₹1,25,000",No omission established by desk review; native reviewer must verify every clause.,No added fact established by desk review; native reviewer must verify register and implications.,No specific defect established; native review required.,No specific defect established; native review required.,No specific defect established; native review required.,No specific defect established; native review required.,No specific defect established; native review required.,None; stored as a complete source value.,both,backend admissions adapter/narration + frontend admissions card locale imports,"₹1,25,000","₹1,25,000.",YES,READY_FOR_NATIVE_REVIEW,NO,,,,
kn.admissions_and_fees.additional_details.fees_structure.management_quota_engineering_annual.Mechanical Engineering,backend/data/locales/kn.json#admissions_and_fees.additional_details.fees_structure.management_quota_engineering_annual.Mechanical Engineering,8. Fees,Admissions card — additional_details.fees_structure.management_quota_engineering_annual.Mechanical Engineering,"₹1,25,000","Communicate the complete English source meaning without omitting qualifiers, actions, names, numbers, fees, or acronyms: ₹1,25,000","₹1,25,000","Working literal gloss: ₹1,25,000",No omission established by desk review; native reviewer must verify every clause.,No added fact established by desk review; native reviewer must verify register and implications.,No specific defect established; native review required.,No specific defect established; native review required.,No specific defect established; native review required.,No specific defect established; native review required.,No specific defect established; native review required.,None; stored as a complete source value.,both,backend admissions adapter/narration + frontend admissions card locale imports,"₹1,25,000","₹1,25,000.",YES,READY_FOR_NATIVE_REVIEW,NO,,,,
kn.admissions_and_fees.additional_details.fees_structure.mba_fees_annual.General MBA,backend/data/locales/kn.json#admissions_and_fees.additional_details.fees_structure.mba_fees_annual.General MBA,8. Fees,Admissions card — additional_details.fees_structure.mba_fees_annual.General MBA,"₹1,55,000-3,10,000 (Total for 2 years)","Communicate the complete English source meaning without omitting qualifiers, actions, names, numbers, fees, or acronyms: ₹1,55,000-3,10,000 (Total for 2 years)","₹1,55,000-3,10,000 (2 ವರ್ಷಗಳ ಒಟ್ಟು)","Working literal gloss: ₹1,55,000-3,10,000 (Total for 2 years)",No omission established by desk review; native reviewer must verify every clause.,No added fact established by desk review; native reviewer must verify register and implications.,No specific defect established; native review required.,No specific defect established; native review required.,No specific defect established; native review required.,No specific defect established; native review required.,No specific defect established; native review required.,None; stored as a complete source value.,both,backend admissions adapter/narration + frontend admissions card locale imports,"₹1,55,000-3,10,000 (2 ವರ್ಷಗಳ ಒಟ್ಟು)","₹1,55,000-3,10,000 (2 ವರ್ಷಗಳ ಒಟ್ಟು).",YES,READY_FOR_NATIVE_REVIEW,NO,,,,
"kn.admissions_and_fees.additional_details.fees_structure.mba_fees_annual.Specializations (Finance, HR, IT, Marketing)","backend/data/locales/kn.json#admissions_and_fees.additional_details.fees_structure.mba_fees_annual.Specializations (Finance, HR, IT, Marketing)",8. Fees,"Admissions card — additional_details.fees_structure.mba_fees_annual.Specializations (Finance, HR, IT, Marketing)","₹1,40,000 (Total for 2 years)","Communicate the complete English source meaning without omitting qualifiers, actions, names, numbers, fees, or acronyms: ₹1,40,000 (Total for 2 years)","₹1,40,000 (2 ವರ್ಷಗಳ ಒಟ್ಟು)","Working literal gloss: ₹1,40,000 (Total for 2 years)",No omission established by desk review; native reviewer must verify every clause.,No added fact established by desk review; native reviewer must verify register and implications.,No specific defect established; native review required.,No specific defect established; native review required.,No specific defect established; native review required.,No specific defect established; native review required.,No specific defect established; native review required.,None; stored as a complete source value.,both,backend admissions adapter/narration + frontend admissions card locale imports,"₹1,40,000 (2 ವರ್ಷಗಳ ಒಟ್ಟು)","₹1,40,000 (2 ವರ್ಷಗಳ ಒಟ್ಟು).",YES,READY_FOR_NATIVE_REVIEW,NO,,,,
kn.admissions_and_fees.additional_details.fees_structure.scholarships[0],backend/data/locales/kn.json#admissions_and_fees.additional_details.fees_structure.scholarships[0],5. Admissions,Admissions card — additional_details.fees_structure.scholarships[0],SSP - Post-Metric Scholarship for SC/ST Students,"Communicate the complete English source meaning without omitting qualifiers, actions, names, numbers, fees, or acronyms: SSP - Post-Metric Scholarship for SC/ST Students",SSP — SC/ST ವಿದ್ಯಾರ್ಥಿಗಳಿಗೆ ಪೋಸ್ಟ್-ಮೆಟ್ರಿಕ್ ವಿದ್ಯಾರ್ಥಿವೇತನ,Working literal gloss: SSP - Post-Metric Scholarship for SC/ST Students,No omission established by desk review; native reviewer must verify every clause.,No added fact established by desk review; native reviewer must verify register and implications.,No specific defect established; native review required.,No specific defect established; native review required.,No specific defect established; native review required.,No specific defect established; native review required.,No specific defect established; native review required.,Stored list item; the runtime composes it with sibling items. Review the composed sentence before approval.,both,backend admissions adapter/narration + frontend admissions card locale imports,SSP — SC/ST ವಿದ್ಯಾರ್ಥಿಗಳಿಗೆ ಪೋಸ್ಟ್-ಮೆಟ್ರಿಕ್ ವಿದ್ಯಾರ್ಥಿವೇತನ,SSP — SC/ST ವಿದ್ಯಾರ್ಥಿಗಳಿಗೆ ಪೋಸ್ಟ್-ಮೆಟ್ರಿಕ್ ವಿದ್ಯಾರ್ಥಿವೇತನ.,YES,READY_FOR_NATIVE_REVIEW,NO,,,,
kn.admissions_and_fees.additional_details.fees_structure.scholarships[1],backend/data/locales/kn.json#admissions_and_fees.additional_details.fees_structure.scholarships[1],5. Admissions,Admissions card — additional_details.fees_structure.scholarships[1],Fee Reimbursement for SC/ST Students,"Communicate the complete English source meaning without omitting qualifiers, actions, names, numbers, fees, or acronyms: Fee Reimbursement for SC/ST Students",SC/ST ವಿದ್ಯಾರ್ಥಿಗಳಿಗೆ ಶುಲ್ಕ ಮರುಪಾವತಿ,Working literal gloss: Fee Reimbursement for SC/ST Students,No omission established by desk review; native reviewer must verify every clause.,No added fact established by desk review; native reviewer must verify register and implications.,No specific defect established; native review required.,No specific defect established; native review required.,No specific defect established; native review required.,No specific defect established; native review required.,No specific defect established; native review required.,Stored list item; the runtime composes it with sibling items. Review the composed sentence before approval.,both,backend admissions adapter/narration + frontend admissions card locale imports,SC/ST ವಿದ್ಯಾರ್ಥಿಗಳಿಗೆ ಶುಲ್ಕ ಮರುಪಾವತಿ,SC/ST ವಿದ್ಯಾರ್ಥಿಗಳಿಗೆ ಶುಲ್ಕ ಮರುಪಾವತಿ.,YES,READY_FOR_NATIVE_REVIEW,NO,,,,
kn.admissions_and_fees.additional_details.fees_structure.scholarships[2],backend/data/locales/kn.json#admissions_and_fees.additional_details.fees_structure.scholarships[2],5. Admissions,Admissions card — additional_details.fees_structure.scholarships[2],"Fee Concession for Category I, II, and III Students","Communicate the complete English source meaning without omitting qualifiers, actions, names, numbers, fees, or acronyms: Fee Concession for Category I, II, and III Students","ವರ್ಗ I, II ಮತ್ತು III ವಿದ್ಯಾರ್ಥಿಗಳಿಗೆ ಶುಲ್ಕ ರಿಯಾಯಿತಿ","Working literal gloss: Fee Concession for Category I, II, and III Students",No omission established by desk review; native reviewer must verify every clause.,No added fact established by desk review; native reviewer must verify register and implications.,No specific defect established; native review required.,No specific defect established; native review required.,No specific defect established; native review required.,No specific defect established; native review required.,No specific defect established; native review required.,Stored list item; the runtime composes it with sibling items. Review the composed sentence before approval.,both,backend admissions adapter/narration + frontend admissions card locale imports,"ವರ್ಗ I, II ಮತ್ತು III ವಿದ್ಯಾರ್ಥಿಗಳಿಗೆ ಶುಲ್ಕ ರಿಯಾಯಿತಿ","ವರ್ಗ I, II ಮತ್ತು III ವಿದ್ಯಾರ್ಥಿಗಳಿಗೆ ಶುಲ್ಕ ರಿಯಾಯಿತಿ.",YES,READY_FOR_NATIVE_REVIEW,NO,,,,
kn.admissions_and_fees.additional_details.fees_structure.scholarships[3],backend/data/locales/kn.json#admissions_and_fees.additional_details.fees_structure.scholarships[3],5. Admissions,Admissions card — additional_details.fees_structure.scholarships[3],National Scholarship Portal (NSP) - Minority Religion Scholarship,"Communicate the complete English source meaning without omitting qualifiers, actions, names, numbers, fees, or acronyms: National Scholarship Portal (NSP) - Minority Religion Scholarship",National Scholarship Portal (NSP) — ಅಲ್ಪಸಂಖ್ಯಾತ ಧರ್ಮ ವಿದ್ಯಾರ್ಥಿವೇತನ,Working literal gloss: National Scholarship Portal (NSP) - Minority Religion Scholarship,No omission established by desk review; native reviewer must verify every clause.,No added fact established by desk review; native reviewer must verify register and implications.,No specific defect established; native review required.,No specific defect established; native review required.,No specific defect established; native review required.,No specific defect established; native review required.,No specific defect established; native review required.,Stored list item; the runtime composes it with sibling items. Review the composed sentence before approval.,both,backend admissions adapter/narration + frontend admissions card locale imports,National Scholarship Portal (NSP) — ಅಲ್ಪಸಂಖ್ಯಾತ ಧರ್ಮ ವಿದ್ಯಾರ್ಥಿವೇತನ,National Scholarship Portal (NSP) — ಅಲ್ಪಸಂಖ್ಯಾತ ಧರ್ಮ ವಿದ್ಯಾರ್ಥಿವೇತನ.,YES,READY_FOR_NATIVE_REVIEW,NO,,,,
kn.admissions_and_fees.additional_details.fees_structure.scholarships[4],backend/data/locales/kn.json#admissions_and_fees.additional_details.fees_structure.scholarships[4],5. Admissions,Admissions card — additional_details.fees_structure.scholarships[4],Defence Scholarship,"Communicate the complete English source meaning without omitting qualifiers, actions, names, numbers, fees, or acronyms: Defence Scholarship",ರಕ್ಷಣಾ ವಿದ್ಯಾರ್ಥಿವೇತನ,Working literal gloss: Defence Scholarship,No omission established by desk review; native reviewer must verify every clause.,No added fact established by desk review; native reviewer must verify register and implications.,No specific defect established; native review required.,No specific defect established; native review required.,No specific defect established; native review required.,No specific defect established; native review required.,No specific defect established; native review required.,Stored list item; the runtime composes it with sibling items. Review the composed sentence before approval.,both,backend admissions adapter/narration + frontend admissions card locale imports,ರಕ್ಷಣಾ ವಿದ್ಯಾರ್ಥಿವೇತನ,ರಕ್ಷಣಾ ವಿದ್ಯಾರ್ಥಿವೇತನ.,YES,READY_FOR_NATIVE_REVIEW,NO,,,,
kn.departments.cse.intro,backend/data/locales/kn.json#departments.cse.intro,6. Departments,Department card — cse / intro,The Computer Science & Engineering department leads the digital revolution with a cutting-edge curriculum. We transform students into top-tier software developers and system architects.,"Communicate the complete English source meaning without omitting qualifiers, actions, names, numbers, fees, or acronyms: The Computer Science & Engineering department leads the digital revolution with a cutting-edge curriculum. We transform students into top-tier software developers and system architects.",ಕಂಪ್ಯೂಟರ್ ಸೈನ್ಸ್ ಮತ್ತು ಎಂಜಿನಿಯರಿಂಗ್ ವಿಭಾಗವು ಅತ್ಯಾಧುನಿಕ ಪಠ್ಯಕ್ರಮದೊಂದಿಗೆ ಡಿಜಿಟಲ್ ಕ್ರಾಂತಿಯನ್ನು ಮುನ್ನಡೆಸುತ್ತದೆ. ನಾವು ವಿದ್ಯಾರ್ಥಿಗಳನ್ನು ಉನ್ನತ ದರ್ಜೆಯ ಸಾಫ್ಟ್‌ವೇರ್ ಡೆವಲಪರ್‌ಗಳಾಗಿ ಮತ್ತು ಸಿಸ್ಟಮ್ ಆರ್ಕಿಟೆಕ್ಟ್‌ಗಳಾಗಿ ರೂಪಿಸುತ್ತೇವೆ.,Working literal gloss: The Computer Science & Engineering department leads the digital revolution with a cutting-edge curriculum. We transform students into top-tier software developers and system architects.,No omission established by desk review; native reviewer must verify every clause.,No added fact established by desk review; native reviewer must verify register and implications.,The sentence has been redrafted as a complete candidate; native reviewer must validate grammar.,No specific defect established; native review required.,Candidate uses revised Kannada ordering; native reviewer must compare it with the current construction.,Candidate targets consistent respectful kiosk language; approval is pending.,No specific defect established; native review required.,None; stored as a complete source value.,both,backend content adapters/unit narration + frontend department card locale imports,ಕಂಪ್ಯೂಟರ್ ವಿಜ್ಞಾನ ಮತ್ತು ಎಂಜಿನಿಯರಿಂಗ್ ವಿಭಾಗವು ಅತ್ಯಾಧುನಿಕ ಪಠ್ಯಕ್ರಮದೊಂದಿಗೆ ಡಿಜಿಟಲ್ ಕ್ರಾಂತಿಯನ್ನು ಮುನ್ನಡೆಸುತ್ತದೆ. ನಾವು ವಿದ್ಯಾರ್ಥಿಗಳನ್ನು ಉನ್ನತ-ಶ್ರೇಣಿಯ ಸಾಫ್ಟ್‌ವೇರ್ ಡೆವಲಪರ್‌ಗಳನ್ನಾಗಿ ಮತ್ತು ಸಿಸ್ಟಮ್ ವಾಸ್ತುಶಿಲ್ಪಿಗಳನ್ನಾಗಿ ರೂಪಿಸುತ್ತೇವೆ.,ಕಂಪ್ಯೂಟರ್ ವಿಜ್ಞಾನ ಮತ್ತು ಎಂಜಿನಿಯರಿಂಗ್ ವಿಭಾಗವು ಅತ್ಯಾಧುನಿಕ ಪಠ್ಯಕ್ರಮದೊಂದಿಗೆ ಡಿಜಿಟಲ್ ಕ್ರಾಂತಿಯನ್ನು ಮುನ್ನಡೆಸುತ್ತದೆ. ನಾವು ವಿದ್ಯಾರ್ಥಿಗಳನ್ನು ಉನ್ನತ-ಶ್ರೇಣಿಯ ಸಾಫ್ಟ್‌ವೇರ್ ಡೆವಲಪರ್‌ಗಳನ್ನಾಗಿ ಮತ್ತು ಸಿಸ್ಟಮ್ ವಾಸ್ತುಶಿಲ್ಪಿಗಳನ್ನಾಗಿ ರೂಪಿಸುತ್ತೇವೆ.,YES,READY_FOR_NATIVE_REVIEW,YES,,,,
kn.departments.cse.hod_voice,backend/data/locales/kn.json#departments.cse.hod_voice,7. HOD,Department card — cse / hod_voice,"Led by Dr. Shashikumar D R, our vision focuses on industry-driven learning tailored for global demands. We prioritize hands-on problem solving and ethical coding practices.","Communicate the complete English source meaning without omitting qualifiers, actions, names, numbers, fees, or acronyms: Led by Dr. Shashikumar D R, our vision focuses on industry-driven learning tailored for global demands. We prioritize hands-on problem solving and ethical coding practices.","ಡಾ. ಶಶಿಕುಮಾರ್ ಡಿ ಆರ್ ಅವರ ನೇತೃತ್ವದಲ್ಲಿ, ನಮ್ಮ ದೃಷ್ಟಿಕೋನವು ಜಾಗತಿಕ ಬೇಡಿಕೆಗಳಿಗೆ ಅನುಗುಣವಾಗಿ ಉದ್ಯಮಾಧಾರಿತ ಕಲಿಕೆಯ ಮೇಲೆ ಕೇಂದ್ರೀಕರಿಸುತ್ತದೆ. ನಾವು ಪ್ರಾಯೋಗಿಕ ಸಮಸ್ಯೆ ಪರಿಹಾರ ಮತ್ತು ನೈತಿಕ ಕೋಡಿಂಗ್ ಅಭ್ಯಾಸಗಳಿಗೆ ಆದ್ಯತೆ ನೀಡುತ್ತೇವೆ.","Working literal gloss: Led by Dr. Shashikumar D R, our vision focuses on industry-driven learning tailored for global demands. We prioritize hands-on problem solving and ethical coding practices.",No omission established by desk review; native reviewer must verify every clause.,No added fact established by desk review; native reviewer must verify register and implications.,The sentence has been redrafted as a complete candidate; native reviewer must validate grammar.,No specific defect established; native review required.,Candidate uses revised Kannada ordering; native reviewer must compare it with the current construction.,Candidate targets consistent respectful kiosk language; approval is pending.,No specific defect established; native review required.,None; stored as a complete source value.,narration,backend content adapters/unit narration + frontend department card locale imports,,"ಡಾ. ಶಶಿಕುಮಾರ್ ಡಿ ಆರ್ ನೇತೃತ್ವದಲ್ಲಿ, ನಮ್ಮ ದೃಷ್ಟಿ ಜಾಗತಿಕ ಬೇಡಿಕೆಗಳಿಗೆ ಅನುಗುಣವಾಗಿ ಉದ್ಯಮ-ಚಾಲಿತ ಕಲಿಕೆಯ ಮೇಲೆ ಕೇಂದ್ರೀಕರಿಸುತ್ತದೆ. ಸಮಸ್ಯೆ ಪರಿಹಾರ ಮತ್ತು ನೈತಿಕ ಕೋಡಿಂಗ್ ಅಭ್ಯಾಸಗಳಿಗೆ ನಾವು ಆದ್ಯತೆ ನೀಡುತ್ತೇವೆ.",YES,READY_FOR_NATIVE_REVIEW,YES,,,,
kn.departments.cse.achievements,backend/data/locales/kn.json#departments.cse.achievements,10. Achievements,Department card — cse / achievements,"Our labs are state-of-the-art, ensuring strong VTU rankings and continuous success in national hackathons.","Communicate the complete English source meaning without omitting qualifiers, actions, names, numbers, fees, or acronyms: Our labs are state-of-the-art, ensuring strong VTU rankings and continuous success in national hackathons.","ನಮ್ಮ ಲ್ಯಾಬ್‌ಗಳು ಅತ್ಯಾಧುನಿಕವಾಗಿದ್ದು, ಬಲವಾದ VTU ಶ್ರೇಯಾಂಕಗಳನ್ನು ಮತ್ತು ರಾಷ್ಟ್ರೀಯ ಹ್ಯಾಕಥಾನ್‌ಗಳಲ್ಲಿ ನಿರಂತರ ಯಶಸ್ಸನ್ನು ಖಾತ್ರಿಪಡಿಸುತ್ತದೆ.","Working literal gloss: Our labs are state-of-the-art, ensuring strong VTU rankings and continuous success in national hackathons.",No omission established by desk review; native reviewer must verify every clause.,No added fact established by desk review; native reviewer must verify register and implications.,No specific defect established; native review required.,No specific defect established; native review required.,No specific defect established; native review required.,No specific defect established; native review required.,No specific defect established; native review required.,None; stored as a complete source value.,both,backend content adapters/unit narration + frontend department card locale imports,"ನಮ್ಮ ಲ್ಯಾಬ್‌ಗಳು ಅತ್ಯಾಧುನಿಕವಾಗಿದ್ದು, ಬಲವಾದ VTU ಶ್ರೇಯಾಂಕಗಳನ್ನು ಮತ್ತು ರಾಷ್ಟ್ರೀಯ ಹ್ಯಾಕಥಾನ್‌ಗಳಲ್ಲಿ ನಿರಂತರ ಯಶಸ್ಸನ್ನು ಖಾತ್ರಿಪಡಿಸುತ್ತದೆ.","ನಮ್ಮ ಲ್ಯಾಬ್‌ಗಳು ಅತ್ಯಾಧುನಿಕವಾಗಿದ್ದು, ಬಲವಾದ VTU ಶ್ರೇಯಾಂಕಗಳನ್ನು ಮತ್ತು ರಾಷ್ಟ್ರೀಯ ಹ್ಯಾಕಥಾನ್‌ಗಳಲ್ಲಿ ನಿರಂತರ ಯಶಸ್ಸನ್ನು ಖಾತ್ರಿಪಡಿಸುತ್ತದೆ.",YES,READY_FOR_NATIVE_REVIEW,NO,,,,
kn.departments.cse.placement,backend/data/locales/kn.json#departments.cse.placement,9. Placements,Department card — cse / placement,"Top recruiters include TCS, Infosys, and Amazon. Students receive rigorous technical and aptitude training.","Communicate the complete English source meaning without omitting qualifiers, actions, names, numbers, fees, or acronyms: Top recruiters include TCS, Infosys, and Amazon. Students receive rigorous technical and aptitude training.","ಉನ್ನತ ನೇಮಕಾತಿದಾರರಲ್ಲಿ TCS, Infosys ಮತ್ತು Amazon ಸೇರಿವೆ. ವಿದ್ಯಾರ್ಥಿಗಳು ಕಠಿಣ ತಾಂತ್ರಿಕ ಮತ್ತು ಆಪ್ಟಿಟ್ಯೂಡ್ ತರಬೇತಿಯನ್ನು ಪಡೆಯುತ್ತಾರೆ.","Working literal gloss: Top recruiters include TCS, Infosys, and Amazon. Students receive rigorous technical and aptitude training.",No omission established by desk review; native reviewer must verify every clause.,No added fact established by desk review; native reviewer must verify register and implications.,The sentence has been redrafted as a complete candidate; native reviewer must validate grammar.,No specific defect established; native review required.,Candidate uses revised Kannada ordering; native reviewer must compare it with the current construction.,Candidate targets consistent respectful kiosk language; approval is pending.,No specific defect established; native review required.,None; stored as a complete source value.,both,backend content adapters/unit narration + frontend department card locale imports,"ಉನ್ನತ ನೇಮಕಾತಿದಾರರಲ್ಲಿ TCS, Infosys ಮತ್ತು Amazon ಸೇರಿವೆ. ವಿದ್ಯಾರ್ಥಿಗಳು ಕಠಿಣ ತಾಂತ್ರಿಕ ಮತ್ತು ಯೋಗ್ಯತೆಯ ತರಬೇತಿಯನ್ನು ಪಡೆಯುತ್ತಾರೆ.","ಉನ್ನತ ನೇಮಕಾತಿದಾರರಲ್ಲಿ TCS, Infosys ಮತ್ತು Amazon ಸೇರಿವೆ. ವಿದ್ಯಾರ್ಥಿಗಳು ಕಠಿಣ ತಾಂತ್ರಿಕ ಮತ್ತು ಯೋಗ್ಯತೆಯ ತರಬೇತಿಯನ್ನು ಪಡೆಯುತ್ತಾರೆ.",YES,READY_FOR_NATIVE_REVIEW,YES,,,,
kn.departments.cse.fees,backend/data/locales/kn.json#departments.cse.fees,8. Fees,Department card — cse / fees,"KCET: As per KEA norms | Management: ₹3,50,000/year","Communicate the complete English source meaning without omitting qualifiers, actions, names, numbers, fees, or acronyms: KCET: As per KEA norms | Management: ₹3,50,000/year","KCET: KEA ಮಾನದಂಡಗಳ ಪ್ರಕಾರ | ಮ್ಯಾನೇಜ್‌ಮೆಂಟ್: ₹3,50,000/ವರ್ಷ","Working literal gloss: KCET: As per KEA norms | Management: ₹3,50,000/year",The official fee amount cannot be selected because production sources conflict.,No candidate fee fact is added; the proposal is a fail-closed contact message.,Wording review is secondary until the official fact owner resolves the amount.,No specific defect established; native review required.,Wording review is secondary until the official fact owner resolves the amount.,Wording review is secondary until the official fact owner resolves the amount.,No specific defect established; native review required.,None; stored as a complete source value.,both,backend content adapters/unit narration + frontend department card locale imports,"ಈ ಮಾಹಿತಿಯನ್ನು ಇನ್ನೂ ಅಧಿಕೃತವಾಗಿ ದೃಢೀಕರಿಸಲಾಗಿಲ್ಲ.
ಹೆಚ್ಚಿನ ಮಾಹಿತಿಗಾಗಿ ಸಂಬಂಧಿತ ವಿಭಾಗವನ್ನು ಸಂಪರ್ಕಿಸಿ.",ಈ ಮಾಹಿತಿಯನ್ನು ಇನ್ನೂ ಅಧಿಕೃತವಾಗಿ ದೃಢೀಕರಿಸಲಾಗಿಲ್ಲ. ಹೆಚ್ಚಿನ ಮಾಹಿತಿಗಾಗಿ ಸಂಬಂಧಿತ ವಿಭಾಗವನ್ನು ಸಂಪರ್ಕಿಸಿ.,REQUIRES REVIEW,BLOCKED_OFFICIAL_FACT,YES,,,,
kn.departments.cse_aiml.intro,backend/data/locales/kn.json#departments.cse_aiml.intro,6. Departments,Department card — cse_aiml / intro,The AI & Machine Learning department pioneers the future of intelligent systems. We prepare innovators for the rapidly evolving tech landscape.,"Communicate the complete English source meaning without omitting qualifiers, actions, names, numbers, fees, or acronyms: The AI & Machine Learning department pioneers the future of intelligent systems. We prepare innovators for the rapidly evolving tech landscape.",AI ಮತ್ತು ಯಂತ್ರ ಕಲಿಕೆ ವಿಭಾಗವು ಬುದ್ಧಿವಂತ ವ್ಯವಸ್ಥೆಗಳ ಭವಿಷ್ಯವನ್ನು ಪ್ರವರ್ತಿಸುತ್ತದೆ. ನಾವು ವೇಗವಾಗಿ ವಿಕಸನಗೊಳ್ಳುತ್ತಿರುವ ಟೆಕ್ ಲ್ಯಾಂಡ್‌ಸ್ಕೇಪ್‌ಗಾಗಿ ನಾವೀನ್ಯಕಾರರನ್ನು ಸಿದ್ಧಪಡಿಸುತ್ತೇವೆ.,Working literal gloss: The AI & Machine Learning department pioneers the future of intelligent systems. We prepare innovators for the rapidly evolving tech landscape.,No omission established by desk review; native reviewer must verify every clause.,No added fact established by desk review; native reviewer must verify register and implications.,No specific defect established; native review required.,No specific defect established; native review required.,No specific defect established; native review required.,No specific defect established; native review required.,No specific defect established; native review required.,None; stored as a complete source value.,both,backend content adapters/unit narration + frontend department card locale imports,AI ಮತ್ತು ಯಂತ್ರ ಕಲಿಕೆ ವಿಭಾಗವು ಬುದ್ಧಿವಂತ ವ್ಯವಸ್ಥೆಗಳ ಭವಿಷ್ಯವನ್ನು ಪ್ರವರ್ತಿಸುತ್ತದೆ. ನಾವು ವೇಗವಾಗಿ ವಿಕಸನಗೊಳ್ಳುತ್ತಿರುವ ಟೆಕ್ ಲ್ಯಾಂಡ್‌ಸ್ಕೇಪ್‌ಗಾಗಿ ನಾವೀನ್ಯಕಾರರನ್ನು ಸಿದ್ಧಪಡಿಸುತ್ತೇವೆ.,AI ಮತ್ತು ಯಂತ್ರ ಕಲಿಕೆ ವಿಭಾಗವು ಬುದ್ಧಿವಂತ ವ್ಯವಸ್ಥೆಗಳ ಭವಿಷ್ಯವನ್ನು ಪ್ರವರ್ತಿಸುತ್ತದೆ. ನಾವು ವೇಗವಾಗಿ ವಿಕಸನಗೊಳ್ಳುತ್ತಿರುವ ಟೆಕ್ ಲ್ಯಾಂಡ್‌ಸ್ಕೇಪ್‌ಗಾಗಿ ನಾವೀನ್ಯಕಾರರನ್ನು ಸಿದ್ಧಪಡಿಸುತ್ತೇವೆ.,YES,READY_FOR_NATIVE_REVIEW,NO,,,,
kn.departments.cse_aiml.hod_voice,backend/data/locales/kn.json#departments.cse_aiml.hod_voice,7. HOD,Department card — cse_aiml / hod_voice,"Guided by Dr. T G Manjunatha, we emphasize a NEP-2020 compliant curriculum enriched with deep learning and real-world AI applications.","Communicate the complete English source meaning without omitting qualifiers, actions, names, numbers, fees, or acronyms: Guided by Dr. T G Manjunatha, we emphasize a NEP-2020 compliant curriculum enriched with deep learning and real-world AI applications.","ಡಾ. ಟಿ ಜಿ ಮಂಜುನಾಥರ ಮಾರ್ಗದರ್ಶನದಲ್ಲಿ, ಆಳವಾದ ಕಲಿಕೆ ಮತ್ತು ನೈಜ-ಪ್ರಪಂಚದ AI ಅಪ್ಲಿಕೇಶನ್‌ಗಳೊಂದಿಗೆ ಪುಷ್ಟೀಕರಿಸಿದ NEP-2020 ಕಂಪ್ಲೈಂಟ್ ಪಠ್ಯಕ್ರಮಕ್ಕೆ ನಾವು ಒತ್ತು ನೀಡುತ್ತೇವೆ.","Working literal gloss: Guided by Dr. T G Manjunatha, we emphasize a NEP-2020 compliant curriculum enriched with deep learning and real-world AI applications.",No omission established by desk review; native reviewer must verify every clause.,No added fact established by desk review; native reviewer must verify register and implications.,No specific defect established; native review required.,No specific defect established; native review required.,No specific defect established; native review required.,No specific defect established; native review required.,No specific defect established; native review required.,None; stored as a complete source value.,narration,backend content adapters/unit narration + frontend department card locale imports,,"ಡಾ. ಟಿ ಜಿ ಮಂಜುನಾಥರ ಮಾರ್ಗದರ್ಶನದಲ್ಲಿ, ಆಳವಾದ ಕಲಿಕೆ ಮತ್ತು ನೈಜ-ಪ್ರಪಂಚದ AI ಅಪ್ಲಿಕೇಶನ್‌ಗಳೊಂದಿಗೆ ಪುಷ್ಟೀಕರಿಸಿದ NEP-2020 ಕಂಪ್ಲೈಂಟ್ ಪಠ್ಯಕ್ರಮಕ್ಕೆ ನಾವು ಒತ್ತು ನೀಡುತ್ತೇವೆ.",YES,READY_FOR_NATIVE_REVIEW,NO,,,,
kn.departments.cse_aiml.achievements,backend/data/locales/kn.json#departments.cse_aiml.achievements,10. Achievements,Department card — cse_aiml / achievements,"Our 2021 batch secured FOUR university ranks at the VTU level, showcasing our academic rigor and student excellence.","Communicate the complete English source meaning without omitting qualifiers, actions, names, numbers, fees, or acronyms: Our 2021 batch secured FOUR university ranks at the VTU level, showcasing our academic rigor and student excellence.","ನಮ್ಮ 2021 ರ ಬ್ಯಾಚ್ VTU ಮಟ್ಟದಲ್ಲಿ ನಾಲ್ಕು ವಿಶ್ವವಿದ್ಯಾನಿಲಯ ಶ್ರೇಣಿಗಳನ್ನು ಪಡೆದುಕೊಂಡಿದೆ, ನಮ್ಮ ಶೈಕ್ಷಣಿಕ ಕಠಿಣತೆ ಮತ್ತು ವಿದ್ಯಾರ್ಥಿಗಳ ಶ್ರೇಷ್ಠತೆಯನ್ನು ಪ್ರದರ್ಶಿಸುತ್ತದೆ.","Working literal gloss: Our 2021 batch secured FOUR university ranks at the VTU level, showcasing our academic rigor and student excellence.",No omission established by desk review; native reviewer must verify every clause.,No added fact established by desk review; native reviewer must verify register and implications.,No specific defect established; native review required.,No specific defect established; native review required.,No specific defect established; native review required.,No specific defect established; native review required.,No specific defect established; native review required.,None; stored as a complete source value.,both,backend content adapters/unit narration + frontend department card locale imports,"ನಮ್ಮ 2021 ರ ಬ್ಯಾಚ್ VTU ಮಟ್ಟದಲ್ಲಿ ನಾಲ್ಕು ವಿಶ್ವವಿದ್ಯಾನಿಲಯ ಶ್ರೇಣಿಗಳನ್ನು ಪಡೆದುಕೊಂಡಿದೆ, ನಮ್ಮ ಶೈಕ್ಷಣಿಕ ಕಠಿಣತೆ ಮತ್ತು ವಿದ್ಯಾರ್ಥಿಗಳ ಶ್ರೇಷ್ಠತೆಯನ್ನು ಪ್ರದರ್ಶಿಸುತ್ತದೆ.","ನಮ್ಮ 2021 ರ ಬ್ಯಾಚ್ VTU ಮಟ್ಟದಲ್ಲಿ ನಾಲ್ಕು ವಿಶ್ವವಿದ್ಯಾನಿಲಯ ಶ್ರೇಣಿಗಳನ್ನು ಪಡೆದುಕೊಂಡಿದೆ, ನಮ್ಮ ಶೈಕ್ಷಣಿಕ ಕಠಿಣತೆ ಮತ್ತು ವಿದ್ಯಾರ್ಥಿಗಳ ಶ್ರೇಷ್ಠತೆಯನ್ನು ಪ್ರದರ್ಶಿಸುತ್ತದೆ.",YES,READY_FOR_NATIVE_REVIEW,NO,,,,
kn.departments.cse_aiml.placement,backend/data/locales/kn.json#departments.cse_aiml.placement,9. Placements,Department card — cse_aiml / placement,Students gain hands-on experience through stipend-based internships and targeted workshops with industry experts.,"Communicate the complete English source meaning without omitting qualifiers, actions, names, numbers, fees, or acronyms: Students gain hands-on experience through stipend-based internships and targeted workshops with industry experts.",ವಿದ್ಯಾರ್ಥಿಗಳು ಸ್ಟೈಫಂಡ್ ಆಧಾರಿತ ಇಂಟರ್ನ್‌ಶಿಪ್‌ಗಳು ಮತ್ತು ಉದ್ಯಮದ ತಜ್ಞರೊಂದಿಗೆ ಉದ್ದೇಶಿತ ಕಾರ್ಯಾಗಾರಗಳ ಮೂಲಕ ಅನುಭವವನ್ನು ಪಡೆಯುತ್ತಾರೆ.,Working literal gloss: Students gain hands-on experience through stipend-based internships and targeted workshops with industry experts.,No omission established by desk review; native reviewer must verify every clause.,No added fact established by desk review; native reviewer must verify register and implications.,No specific defect established; native review required.,No specific defect established; native review required.,No specific defect established; native review required.,No specific defect established; native review required.,No specific defect established; native review required.,None; stored as a complete source value.,both,backend content adapters/unit narration + frontend department card locale imports,ವಿದ್ಯಾರ್ಥಿಗಳು ಸ್ಟೈಫಂಡ್ ಆಧಾರಿತ ಇಂಟರ್ನ್‌ಶಿಪ್‌ಗಳು ಮತ್ತು ಉದ್ಯಮದ ತಜ್ಞರೊಂದಿಗೆ ಉದ್ದೇಶಿತ ಕಾರ್ಯಾಗಾರಗಳ ಮೂಲಕ ಅನುಭವವನ್ನು ಪಡೆಯುತ್ತಾರೆ.,ವಿದ್ಯಾರ್ಥಿಗಳು ಸ್ಟೈಫಂಡ್ ಆಧಾರಿತ ಇಂಟರ್ನ್‌ಶಿಪ್‌ಗಳು ಮತ್ತು ಉದ್ಯಮದ ತಜ್ಞರೊಂದಿಗೆ ಉದ್ದೇಶಿತ ಕಾರ್ಯಾಗಾರಗಳ ಮೂಲಕ ಅನುಭವವನ್ನು ಪಡೆಯುತ್ತಾರೆ.,YES,READY_FOR_NATIVE_REVIEW,NO,,,,
kn.departments.cse_aiml.fees,backend/data/locales/kn.json#departments.cse_aiml.fees,8. Fees,Department card — cse_aiml / fees,"KCET: As per KEA norms | Management: ₹3,50,000/year","Communicate the complete English source meaning without omitting qualifiers, actions, names, numbers, fees, or acronyms: KCET: As per KEA norms | Management: ₹3,50,000/year","KCET: KEA ಮಾನದಂಡಗಳ ಪ್ರಕಾರ | ಮ್ಯಾನೇಜ್‌ಮೆಂಟ್ ಕೋಟಾ: ₹3,50,000/ವರ್ಷ","Working literal gloss: KCET: As per KEA norms | Management: ₹3,50,000/year",The official fee amount cannot be selected because production sources conflict.,No candidate fee fact is added; the proposal is a fail-closed contact message.,Wording review is secondary until the official fact owner resolves the amount.,No specific defect established; native review required.,Wording review is secondary until the official fact owner resolves the amount.,Wording review is secondary until the official fact owner resolves the amount.,No specific defect established; native review required.,None; stored as a complete source value.,both,backend content adapters/unit narration + frontend department card locale imports,"ಈ ಮಾಹಿತಿಯನ್ನು ಇನ್ನೂ ಅಧಿಕೃತವಾಗಿ ದೃಢೀಕರಿಸಲಾಗಿಲ್ಲ.
ಹೆಚ್ಚಿನ ಮಾಹಿತಿಗಾಗಿ ಸಂಬಂಧಿತ ವಿಭಾಗವನ್ನು ಸಂಪರ್ಕಿಸಿ.",ಈ ಮಾಹಿತಿಯನ್ನು ಇನ್ನೂ ಅಧಿಕೃತವಾಗಿ ದೃಢೀಕರಿಸಲಾಗಿಲ್ಲ. ಹೆಚ್ಚಿನ ಮಾಹಿತಿಗಾಗಿ ಸಂಬಂಧಿತ ವಿಭಾಗವನ್ನು ಸಂಪರ್ಕಿಸಿ.,REQUIRES REVIEW,BLOCKED_OFFICIAL_FACT,YES,,,,
kn.departments.cse_ds.intro,backend/data/locales/kn.json#departments.cse_ds.intro,6. Departments,Department card — cse_ds / intro,Data Science is the backbone of modern analytics. We equip students with scientific methods to extract knowledge from complex data.,"Communicate the complete English source meaning without omitting qualifiers, actions, names, numbers, fees, or acronyms: Data Science is the backbone of modern analytics. We equip students with scientific methods to extract knowledge from complex data.",ಡೇಟಾ ಸೈನ್ಸ್ ಆಧುನಿಕ ವಿಶ್ಲೇಷಣೆಯ ಬೆನ್ನೆಲುಬು. ಸಂಕೀರ್ಣ ಡೇಟಾದಿಂದ ಜ್ಞಾನವನ್ನು ಹೊರತೆಗೆಯಲು ನಾವು ವೈಜ್ಞಾನಿಕ ವಿಧಾನಗಳೊಂದಿಗೆ ವಿದ್ಯಾರ್ಥಿಗಳನ್ನು ಸಜ್ಜುಗೊಳಿಸುತ್ತೇವೆ.,Working literal gloss: Data Science is the backbone of modern analytics. We equip students with scientific methods to extract knowledge from complex data.,No omission established by desk review; native reviewer must verify every clause.,No added fact established by desk review; native reviewer must verify register and implications.,No specific defect established; native review required.,No specific defect established; native review required.,No specific defect established; native review required.,No specific defect established; native review required.,No specific defect established; native review required.,None; stored as a complete source value.,both,backend content adapters/unit narration + frontend department card locale imports,ಡೇಟಾ ಸೈನ್ಸ್ ಆಧುನಿಕ ವಿಶ್ಲೇಷಣೆಯ ಬೆನ್ನೆಲುಬು. ಸಂಕೀರ್ಣ ಡೇಟಾದಿಂದ ಜ್ಞಾನವನ್ನು ಹೊರತೆಗೆಯಲು ನಾವು ವೈಜ್ಞಾನಿಕ ವಿಧಾನಗಳೊಂದಿಗೆ ವಿದ್ಯಾರ್ಥಿಗಳನ್ನು ಸಜ್ಜುಗೊಳಿಸುತ್ತೇವೆ.,ಡೇಟಾ ಸೈನ್ಸ್ ಆಧುನಿಕ ವಿಶ್ಲೇಷಣೆಯ ಬೆನ್ನೆಲುಬು. ಸಂಕೀರ್ಣ ಡೇಟಾದಿಂದ ಜ್ಞಾನವನ್ನು ಹೊರತೆಗೆಯಲು ನಾವು ವೈಜ್ಞಾನಿಕ ವಿಧಾನಗಳೊಂದಿಗೆ ವಿದ್ಯಾರ್ಥಿಗಳನ್ನು ಸಜ್ಜುಗೊಳಿಸುತ್ತೇವೆ.,YES,READY_FOR_NATIVE_REVIEW,NO,,,,
kn.departments.cse_ds.hod_voice,backend/data/locales/kn.json#departments.cse_ds.hod_voice,7. HOD,Department card — cse_ds / hod_voice,Dr. Nagashree N directs our commitment to generate knowledge through state-of-the-art concepts and rigorous analytical training.,"Communicate the complete English source meaning without omitting qualifiers, actions, names, numbers, fees, or acronyms: Dr. Nagashree N directs our commitment to generate knowledge through state-of-the-art concepts and rigorous analytical training.",ಡಾ. ನಾಗಶ್ರೀ ಎನ್ ಅವರು ಅತ್ಯಾಧುನಿಕ ಪರಿಕಲ್ಪನೆಗಳು ಮತ್ತು ಕಠಿಣ ವಿಶ್ಲೇಷಣಾತ್ಮಕ ತರಬೇತಿಯ ಮೂಲಕ ಜ್ಞಾನವನ್ನು ಉತ್ಪಾದಿಸುವ ನಮ್ಮ ಬದ್ಧತೆಯನ್ನು ನಿರ್ದೇಶಿಸುತ್ತಾರೆ.,Working literal gloss: Dr. Nagashree N directs our commitment to generate knowledge through state-of-the-art concepts and rigorous analytical training.,No omission established by desk review; native reviewer must verify every clause.,No added fact established by desk review; native reviewer must verify register and implications.,No specific defect established; native review required.,No specific defect established; native review required.,No specific defect established; native review required.,No specific defect established; native review required.,No specific defect established; native review required.,None; stored as a complete source value.,narration,backend content adapters/unit narration + frontend department card locale imports,,ಡಾ. ನಾಗಶ್ರೀ ಎನ್ ಅವರು ಅತ್ಯಾಧುನಿಕ ಪರಿಕಲ್ಪನೆಗಳು ಮತ್ತು ಕಠಿಣ ವಿಶ್ಲೇಷಣಾತ್ಮಕ ತರಬೇತಿಯ ಮೂಲಕ ಜ್ಞಾನವನ್ನು ಉತ್ಪಾದಿಸುವ ನಮ್ಮ ಬದ್ಧತೆಯನ್ನು ನಿರ್ದೇಶಿಸುತ್ತಾರೆ.,YES,READY_FOR_NATIVE_REVIEW,NO,,,,
kn.departments.cse_ds.achievements,backend/data/locales/kn.json#departments.cse_ds.achievements,10. Achievements,Department card — cse_ds / achievements,"Since starting in 2021, our students have already secured THREE university ranks at the VTU level.","Communicate the complete English source meaning without omitting qualifiers, actions, names, numbers, fees, or acronyms: Since starting in 2021, our students have already secured THREE university ranks at the VTU level.","2021 ರಲ್ಲಿ ಪ್ರಾರಂಭವಾದಾಗಿನಿಂದ, ನಮ್ಮ ವಿದ್ಯಾರ್ಥಿಗಳು ಈಗಾಗಲೇ VTU ಮಟ್ಟದಲ್ಲಿ ಮೂರು ವಿಶ್ವವಿದ್ಯಾನಿಲಯ ಶ್ರೇಣಿಗಳನ್ನು ಪಡೆದುಕೊಂಡಿದ್ದಾರೆ.","Working literal gloss: Since starting in 2021, our students have already secured THREE university ranks at the VTU level.",No omission established by desk review; native reviewer must verify every clause.,No added fact established by desk review; native reviewer must verify register and implications.,No specific defect established; native review required.,No specific defect established; native review required.,No specific defect established; native review required.,No specific defect established; native review required.,No specific defect established; native review required.,None; stored as a complete source value.,both,backend content adapters/unit narration + frontend department card locale imports,"2021 ರಲ್ಲಿ ಪ್ರಾರಂಭವಾದಾಗಿನಿಂದ, ನಮ್ಮ ವಿದ್ಯಾರ್ಥಿಗಳು ಈಗಾಗಲೇ VTU ಮಟ್ಟದಲ್ಲಿ ಮೂರು ವಿಶ್ವವಿದ್ಯಾನಿಲಯ ಶ್ರೇಣಿಗಳನ್ನು ಪಡೆದುಕೊಂಡಿದ್ದಾರೆ.","2021 ರಲ್ಲಿ ಪ್ರಾರಂಭವಾದಾಗಿನಿಂದ, ನಮ್ಮ ವಿದ್ಯಾರ್ಥಿಗಳು ಈಗಾಗಲೇ VTU ಮಟ್ಟದಲ್ಲಿ ಮೂರು ವಿಶ್ವವಿದ್ಯಾನಿಲಯ ಶ್ರೇಣಿಗಳನ್ನು ಪಡೆದುಕೊಂಡಿದ್ದಾರೆ.",REQUIRES REVIEW,READY_FOR_NATIVE_REVIEW,NO,,,,
kn.departments.cse_ds.placement,backend/data/locales/kn.json#departments.cse_ds.placement,9. Placements,Department card — cse_ds / placement,"We foster strong connections with analytics firms, ensuring our graduates are ready for high-demand data roles.","Communicate the complete English source meaning without omitting qualifiers, actions, names, numbers, fees, or acronyms: We foster strong connections with analytics firms, ensuring our graduates are ready for high-demand data roles.",ನಮ್ಮ ಪದವೀಧರರು ಹೆಚ್ಚಿನ ಬೇಡಿಕೆಯ ಡೇಟಾ ಪಾತ್ರಗಳಿಗೆ ಸಿದ್ಧರಾಗಿದ್ದಾರೆ ಎಂದು ಖಚಿತಪಡಿಸಿಕೊಳ್ಳುವ ಮೂಲಕ ನಾವು ವಿಶ್ಲೇಷಣಾ ಸಂಸ್ಥೆಗಳೊಂದಿಗೆ ಬಲವಾದ ಸಂಪರ್ಕಗಳನ್ನು ಬೆಳೆಸಿಕೊಳ್ಳುತ್ತೇವೆ.,"Working literal gloss: We foster strong connections with analytics firms, ensuring our graduates are ready for high-demand data roles.",No omission established by desk review; native reviewer must verify every clause.,No added fact established by desk review; native reviewer must verify register and implications.,No specific defect established; native review required.,No specific defect established; native review required.,No specific defect established; native review required.,No specific defect established; native review required.,No specific defect established; native review required.,None; stored as a complete source value.,both,backend content adapters/unit narration + frontend department card locale imports,ನಮ್ಮ ಪದವೀಧರರು ಹೆಚ್ಚಿನ ಬೇಡಿಕೆಯ ಡೇಟಾ ಪಾತ್ರಗಳಿಗೆ ಸಿದ್ಧರಾಗಿದ್ದಾರೆ ಎಂದು ಖಚಿತಪಡಿಸಿಕೊಳ್ಳುವ ಮೂಲಕ ನಾವು ವಿಶ್ಲೇಷಣಾ ಸಂಸ್ಥೆಗಳೊಂದಿಗೆ ಬಲವಾದ ಸಂಪರ್ಕಗಳನ್ನು ಬೆಳೆಸಿಕೊಳ್ಳುತ್ತೇವೆ.,ನಮ್ಮ ಪದವೀಧರರು ಹೆಚ್ಚಿನ ಬೇಡಿಕೆಯ ಡೇಟಾ ಪಾತ್ರಗಳಿಗೆ ಸಿದ್ಧರಾಗಿದ್ದಾರೆ ಎಂದು ಖಚಿತಪಡಿಸಿಕೊಳ್ಳುವ ಮೂಲಕ ನಾವು ವಿಶ್ಲೇಷಣಾ ಸಂಸ್ಥೆಗಳೊಂದಿಗೆ ಬಲವಾದ ಸಂಪರ್ಕಗಳನ್ನು ಬೆಳೆಸಿಕೊಳ್ಳುತ್ತೇವೆ.,YES,READY_FOR_NATIVE_REVIEW,NO,,,,
kn.departments.cse_ds.fees,backend/data/locales/kn.json#departments.cse_ds.fees,8. Fees,Department card — cse_ds / fees,"KCET: As per KEA norms | Management: ₹3,00,000/year","Communicate the complete English source meaning without omitting qualifiers, actions, names, numbers, fees, or acronyms: KCET: As per KEA norms | Management: ₹3,00,000/year","KCET: KEA ಮಾನದಂಡಗಳ ಪ್ರಕಾರ | ಮ್ಯಾನೇಜ್‌ಮೆಂಟ್ ಕೋಟಾ: ₹3,00,000/ವರ್ಷ","Working literal gloss: KCET: As per KEA norms | Management: ₹3,00,000/year",The official fee amount cannot be selected because production sources conflict.,No candidate fee fact is added; the proposal is a fail-closed contact message.,Wording review is secondary until the official fact owner resolves the amount.,No specific defect established; native review required.,Wording review is secondary until the official fact owner resolves the amount.,Wording review is secondary until the official fact owner resolves the amount.,No specific defect established; native review required.,None; stored as a complete source value.,both,backend content adapters/unit narration + frontend department card locale imports,"ಈ ಮಾಹಿತಿಯನ್ನು ಇನ್ನೂ ಅಧಿಕೃತವಾಗಿ ದೃಢೀಕರಿಸಲಾಗಿಲ್ಲ.
ಹೆಚ್ಚಿನ ಮಾಹಿತಿಗಾಗಿ ಸಂಬಂಧಿತ ವಿಭಾಗವನ್ನು ಸಂಪರ್ಕಿಸಿ.",ಈ ಮಾಹಿತಿಯನ್ನು ಇನ್ನೂ ಅಧಿಕೃತವಾಗಿ ದೃಢೀಕರಿಸಲಾಗಿಲ್ಲ. ಹೆಚ್ಚಿನ ಮಾಹಿತಿಗಾಗಿ ಸಂಬಂಧಿತ ವಿಭಾಗವನ್ನು ಸಂಪರ್ಕಿಸಿ.,REQUIRES REVIEW,BLOCKED_OFFICIAL_FACT,YES,,,,
kn.departments.ise.intro,backend/data/locales/kn.json#departments.ise.intro,6. Departments,Department card — ise / intro,Information Science focuses on applied computing and software engineering aligned directly with current industry needs.,"Communicate the complete English source meaning without omitting qualifiers, actions, names, numbers, fees, or acronyms: Information Science focuses on applied computing and software engineering aligned directly with current industry needs.",ಮಾಹಿತಿ ವಿಜ್ಞಾನವು ಅನ್ವಯಿಕ ಕಂಪ್ಯೂಟಿಂಗ್ ಮತ್ತು ಸಾಫ್ಟ್‌ವೇರ್ ಇಂಜಿನಿಯರಿಂಗ್ ಅನ್ನು ಪ್ರಸ್ತುತ ಉದ್ಯಮದ ಅಗತ್ಯಗಳಿಗೆ ನೇರವಾಗಿ ಜೋಡಿಸುತ್ತದೆ.,Working literal gloss: Information Science focuses on applied computing and software engineering aligned directly with current industry needs.,No omission established by desk review; native reviewer must verify every clause.,No added fact established by desk review; native reviewer must verify register and implications.,No specific defect established; native review required.,No specific defect established; native review required.,No specific defect established; native review required.,No specific defect established; native review required.,No specific defect established; native review required.,None; stored as a complete source value.,both,backend content adapters/unit narration + frontend department card locale imports,ಮಾಹಿತಿ ವಿಜ್ಞಾನವು ಅನ್ವಯಿಕ ಕಂಪ್ಯೂಟಿಂಗ್ ಮತ್ತು ಸಾಫ್ಟ್‌ವೇರ್ ಇಂಜಿನಿಯರಿಂಗ್ ಅನ್ನು ಪ್ರಸ್ತುತ ಉದ್ಯಮದ ಅಗತ್ಯಗಳಿಗೆ ನೇರವಾಗಿ ಜೋಡಿಸುತ್ತದೆ.,ಮಾಹಿತಿ ವಿಜ್ಞಾನವು ಅನ್ವಯಿಕ ಕಂಪ್ಯೂಟಿಂಗ್ ಮತ್ತು ಸಾಫ್ಟ್‌ವೇರ್ ಇಂಜಿನಿಯರಿಂಗ್ ಅನ್ನು ಪ್ರಸ್ತುತ ಉದ್ಯಮದ ಅಗತ್ಯಗಳಿಗೆ ನೇರವಾಗಿ ಜೋಡಿಸುತ್ತದೆ.,YES,READY_FOR_NATIVE_REVIEW,NO,,,,
kn.departments.ise.hod_voice,backend/data/locales/kn.json#departments.ise.hod_voice,7. HOD,Department card — ise / hod_voice,"Led by Dr. Vrinda Shetty, we encourage faculty and students to actively engage in workshops, internships, and dynamic problem-solving.","Communicate the complete English source meaning without omitting qualifiers, actions, names, numbers, fees, or acronyms: Led by Dr. Vrinda Shetty, we encourage faculty and students to actively engage in workshops, internships, and dynamic problem-solving.","ಡಾ. ವೃಂದಾ ಶೆಟ್ಟಿಯವರ ನೇತೃತ್ವದಲ್ಲಿ, ಕಾರ್ಯಾಗಾರಗಳು, ಇಂಟರ್ನ್‌ಶಿಪ್‌ಗಳು ಮತ್ತು ಕ್ರಿಯಾತ್ಮಕ ಸಮಸ್ಯೆ-ಪರಿಹಾರಗಳಲ್ಲಿ ಸಕ್ರಿಯವಾಗಿ ತೊಡಗಿಸಿಕೊಳ್ಳಲು ನಾವು ಅಧ್ಯಾಪಕರು ಮತ್ತು ವಿದ್ಯಾರ್ಥಿಗಳನ್ನು ಪ್ರೋತ್ಸಾಹಿಸುತ್ತೇವೆ.","Working literal gloss: Led by Dr. Vrinda Shetty, we encourage faculty and students to actively engage in workshops, internships, and dynamic problem-solving.",No omission established by desk review; native reviewer must verify every clause.,No added fact established by desk review; native reviewer must verify register and implications.,No specific defect established; native review required.,No specific defect established; native review required.,No specific defect established; native review required.,No specific defect established; native review required.,No specific defect established; native review required.,None; stored as a complete source value.,narration,backend content adapters/unit narration + frontend department card locale imports,,"ಡಾ. ವೃಂದಾ ಶೆಟ್ಟಿಯವರ ನೇತೃತ್ವದಲ್ಲಿ, ಕಾರ್ಯಾಗಾರಗಳು, ಇಂಟರ್ನ್‌ಶಿಪ್‌ಗಳು ಮತ್ತು ಕ್ರಿಯಾತ್ಮಕ ಸಮಸ್ಯೆ-ಪರಿಹಾರಗಳಲ್ಲಿ ಸಕ್ರಿಯವಾಗಿ ತೊಡಗಿಸಿಕೊಳ್ಳಲು ನಾವು ಅಧ್ಯಾಪಕರು ಮತ್ತು ವಿದ್ಯಾರ್ಥಿಗಳನ್ನು ಪ್ರೋತ್ಸಾಹಿಸುತ್ತೇವೆ.",YES,READY_FOR_NATIVE_REVIEW,NO,,,,
kn.departments.ise.achievements,backend/data/locales/kn.json#departments.ise.achievements,10. Achievements,Department card — ise / achievements,"Our dedicated faculty ensures project-based learning, entrepreneurial thinking, and ethical technical development.","Communicate the complete English source meaning without omitting qualifiers, actions, names, numbers, fees, or acronyms: Our dedicated faculty ensures project-based learning, entrepreneurial thinking, and ethical technical development.","ನಮ್ಮ ಮೀಸಲಾದ ಅಧ್ಯಾಪಕರು ಯೋಜನಾ ಆಧಾರಿತ ಕಲಿಕೆ, ವಾಣಿಜ್ಯೋದ್ಯಮ ಚಿಂತನೆ ಮತ್ತು ನೈತಿಕ ತಾಂತ್ರಿಕ ಅಭಿವೃದ್ಧಿಯನ್ನು ಖಾತ್ರಿಪಡಿಸುತ್ತಾರೆ.","Working literal gloss: Our dedicated faculty ensures project-based learning, entrepreneurial thinking, and ethical technical development.",No omission established by desk review; native reviewer must verify every clause.,No added fact established by desk review; native reviewer must verify register and implications.,No specific defect established; native review required.,No specific defect established; native review required.,No specific defect established; native review required.,No specific defect established; native review required.,No specific defect established; native review required.,None; stored as a complete source value.,both,backend content adapters/unit narration + frontend department card locale imports,"ನಮ್ಮ ಮೀಸಲಾದ ಅಧ್ಯಾಪಕರು ಯೋಜನಾ ಆಧಾರಿತ ಕಲಿಕೆ, ವಾಣಿಜ್ಯೋದ್ಯಮ ಚಿಂತನೆ ಮತ್ತು ನೈತಿಕ ತಾಂತ್ರಿಕ ಅಭಿವೃದ್ಧಿಯನ್ನು ಖಾತ್ರಿಪಡಿಸುತ್ತಾರೆ.","ನಮ್ಮ ಮೀಸಲಾದ ಅಧ್ಯಾಪಕರು ಯೋಜನಾ ಆಧಾರಿತ ಕಲಿಕೆ, ವಾಣಿಜ್ಯೋದ್ಯಮ ಚಿಂತನೆ ಮತ್ತು ನೈತಿಕ ತಾಂತ್ರಿಕ ಅಭಿವೃದ್ಧಿಯನ್ನು ಖಾತ್ರಿಪಡಿಸುತ್ತಾರೆ.",YES,READY_FOR_NATIVE_REVIEW,NO,,,,
kn.departments.ise.placement,backend/data/locales/kn.json#departments.ise.placement,9. Placements,Department card — ise / placement,"Consistent placements in leading IT service and product companies, supported by strong alumni networking.","Communicate the complete English source meaning without omitting qualifiers, actions, names, numbers, fees, or acronyms: Consistent placements in leading IT service and product companies, supported by strong alumni networking.",ಬಲವಾದ ಹಳೆ ವಿದ್ಯಾರ್ಥಿ ಜಾಲದ ಬೆಂಬಲದೊಂದಿಗೆ ಪ್ರಮುಖ IT ಸೇವಾ ಮತ್ತು ಉತ್ಪನ್ನ ಕಂಪನಿಗಳಲ್ಲಿ ಸ್ಥಿರವಾದ ಪ್ಲೇಸ್‌ಮೆಂಟ್‌ಗಳು ಸಿಗುತ್ತವೆ.,"Working literal gloss: Consistent placements in leading IT service and product companies, supported by strong alumni networking.",No omission established by desk review; native reviewer must verify every clause.,No added fact established by desk review; native reviewer must verify register and implications.,No specific defect established; native review required.,No specific defect established; native review required.,No specific defect established; native review required.,No specific defect established; native review required.,No specific defect established; native review required.,None; stored as a complete source value.,both,backend content adapters/unit narration + frontend department card locale imports,ಬಲವಾದ ಹಳೆ ವಿದ್ಯಾರ್ಥಿ ಜಾಲದ ಬೆಂಬಲದೊಂದಿಗೆ ಪ್ರಮುಖ IT ಸೇವಾ ಮತ್ತು ಉತ್ಪನ್ನ ಕಂಪನಿಗಳಲ್ಲಿ ಸ್ಥಿರವಾದ ಪ್ಲೇಸ್‌ಮೆಂಟ್‌ಗಳು ಸಿಗುತ್ತವೆ.,ಬಲವಾದ ಹಳೆ ವಿದ್ಯಾರ್ಥಿ ಜಾಲದ ಬೆಂಬಲದೊಂದಿಗೆ ಪ್ರಮುಖ IT ಸೇವಾ ಮತ್ತು ಉತ್ಪನ್ನ ಕಂಪನಿಗಳಲ್ಲಿ ಸ್ಥಿರವಾದ ಪ್ಲೇಸ್‌ಮೆಂಟ್‌ಗಳು ಸಿಗುತ್ತವೆ.,YES,READY_FOR_NATIVE_REVIEW,NO,,,,
kn.departments.ise.fees,backend/data/locales/kn.json#departments.ise.fees,8. Fees,Department card — ise / fees,"KCET: As per KEA norms | Management: ₹2,50,000/year","Communicate the complete English source meaning without omitting qualifiers, actions, names, numbers, fees, or acronyms: KCET: As per KEA norms | Management: ₹2,50,000/year","KCET: KEA ಮಾನದಂಡಗಳ ಪ್ರಕಾರ; ಮ್ಯಾನೇಜ್‌ಮೆಂಟ್ ಕೋಟಾ: ₹2,50,000/ವರ್ಷ","Working literal gloss: KCET: As per KEA norms | Management: ₹2,50,000/year",No omission established by desk review; native reviewer must verify every clause.,No added fact established by desk review; native reviewer must verify register and implications.,The sentence has been redrafted as a complete candidate; native reviewer must validate grammar.,No specific defect established; native review required.,Candidate uses revised Kannada ordering; native reviewer must compare it with the current construction.,Candidate targets consistent respectful kiosk language; approval is pending.,No specific defect established; native review required.,None; stored as a complete source value.,both,backend content adapters/unit narration + frontend department card locale imports,"KCET: KEA ಮಾನದಂಡಗಳ ಪ್ರಕಾರ | ನಿರ್ವಹಣೆ: ₹2,50,000/ವರ್ಷ","KCET: KEA ಮಾನದಂಡಗಳ ಪ್ರಕಾರ. ನಿರ್ವಹಣೆ: ₹2,50,000/ವರ್ಷ.",YES,READY_FOR_NATIVE_REVIEW,YES,,,,
kn.departments.ece.intro,backend/data/locales/kn.json#departments.ece.intro,6. Departments,Department card — ece / intro,"ECE is the cornerstone of modern hardware and communication systems, offering deep expertise from VLSI to High-Speed Networks.","Communicate the complete English source meaning without omitting qualifiers, actions, names, numbers, fees, or acronyms: ECE is the cornerstone of modern hardware and communication systems, offering deep expertise from VLSI to High-Speed Networks.","ECE ಆಧುನಿಕ ಹಾರ್ಡ್‌ವೇರ್ ಮತ್ತು ಸಂವಹನ ವ್ಯವಸ್ಥೆಗಳ ಮೂಲಾಧಾರವಾಗಿದೆ, VLSI ನಿಂದ ಹೈ-ಸ್ಪೀಡ್ ನೆಟ್‌ವರ್ಕ್‌ಗಳಿಗೆ ಆಳವಾದ ಪರಿಣತಿಯನ್ನು ನೀಡುತ್ತದೆ.","Working literal gloss: ECE is the cornerstone of modern hardware and communication systems, offering deep expertise from VLSI to High-Speed Networks.",No omission established by desk review; native reviewer must verify every clause.,No added fact established by desk review; native reviewer must verify register and implications.,No specific defect established; native review required.,No specific defect established; native review required.,No specific defect established; native review required.,No specific defect established; native review required.,No specific defect established; native review required.,None; stored as a complete source value.,both,backend content adapters/unit narration + frontend department card locale imports,"ECE ಆಧುನಿಕ ಹಾರ್ಡ್‌ವೇರ್ ಮತ್ತು ಸಂವಹನ ವ್ಯವಸ್ಥೆಗಳ ಮೂಲಾಧಾರವಾಗಿದೆ, VLSI ನಿಂದ ಹೈ-ಸ್ಪೀಡ್ ನೆಟ್‌ವರ್ಕ್‌ಗಳಿಗೆ ಆಳವಾದ ಪರಿಣತಿಯನ್ನು ನೀಡುತ್ತದೆ.","ECE ಆಧುನಿಕ ಹಾರ್ಡ್‌ವೇರ್ ಮತ್ತು ಸಂವಹನ ವ್ಯವಸ್ಥೆಗಳ ಮೂಲಾಧಾರವಾಗಿದೆ, VLSI ನಿಂದ ಹೈ-ಸ್ಪೀಡ್ ನೆಟ್‌ವರ್ಕ್‌ಗಳಿಗೆ ಆಳವಾದ ಪರಿಣತಿಯನ್ನು ನೀಡುತ್ತದೆ.",YES,READY_FOR_NATIVE_REVIEW,NO,,,,
kn.departments.ece.hod_voice,backend/data/locales/kn.json#departments.ece.hod_voice,7. HOD,Department card — ece / hod_voice,"Dr. Venkatesha M leads our NBA-accredited department, fostering research in Embedded Systems, Photonics, and Signal Processing.","Communicate the complete English source meaning without omitting qualifiers, actions, names, numbers, fees, or acronyms: Dr. Venkatesha M leads our NBA-accredited department, fostering research in Embedded Systems, Photonics, and Signal Processing.","ಡಾ. ವೆಂಕಟೇಶ ಎಂ ಅವರು NBA ಮಾನ್ಯತೆ ಪಡೆದ ನಮ್ಮ ವಿಭಾಗವನ್ನು ಮುನ್ನಡೆಸುತ್ತಿದ್ದು, ಎಂಬೆಡೆಡ್ ಸಿಸ್ಟಮ್ಸ್, ಫೋಟೊನಿಕ್ಸ್ ಮತ್ತು ಸಿಗ್ನಲ್ ಪ್ರೊಸೆಸಿಂಗ್‌ನಲ್ಲಿ ಸಂಶೋಧನೆಯನ್ನು ಉತ್ತೇಜಿಸುತ್ತಾರೆ.","Working literal gloss: Dr. Venkatesha M leads our NBA-accredited department, fostering research in Embedded Systems, Photonics, and Signal Processing.",No omission established by desk review; native reviewer must verify every clause.,No added fact established by desk review; native reviewer must verify register and implications.,No specific defect established; native review required.,No specific defect established; native review required.,No specific defect established; native review required.,No specific defect established; native review required.,No specific defect established; native review required.,None; stored as a complete source value.,narration,backend content adapters/unit narration + frontend department card locale imports,,"ಡಾ. ವೆಂಕಟೇಶ ಎಂ ಅವರು NBA ಮಾನ್ಯತೆ ಪಡೆದ ನಮ್ಮ ವಿಭಾಗವನ್ನು ಮುನ್ನಡೆಸುತ್ತಿದ್ದು, ಎಂಬೆಡೆಡ್ ಸಿಸ್ಟಮ್ಸ್, ಫೋಟೊನಿಕ್ಸ್ ಮತ್ತು ಸಿಗ್ನಲ್ ಪ್ರೊಸೆಸಿಂಗ್‌ನಲ್ಲಿ ಸಂಶೋಧನೆಯನ್ನು ಉತ್ತೇಜಿಸುತ್ತಾರೆ.",YES,READY_FOR_NATIVE_REVIEW,NO,,,,
kn.departments.ece.achievements,backend/data/locales/kn.json#departments.ece.achievements,10. Achievements,Department card — ece / achievements,"Supported by over 70 Lakhs in research grants, our state-of-the-art labs feature industry tools like Cadence and MATLAB.","Communicate the complete English source meaning without omitting qualifiers, actions, names, numbers, fees, or acronyms: Supported by over 70 Lakhs in research grants, our state-of-the-art labs feature industry tools like Cadence and MATLAB.","70 ಲಕ್ಷಕ್ಕೂ ಹೆಚ್ಚು ಮೌಲ್ಯದ ಸಂಶೋಧನಾ ಅನುದಾನಗಳ ಬೆಂಬಲದೊಂದಿಗೆ, ನಮ್ಮ ಅತ್ಯಾಧುನಿಕ ಪ್ರಯೋಗಾಲಯಗಳಲ್ಲಿ ಕ್ಯಾಡೆನ್ಸ್ ಮತ್ತು MATLAB ನಂತಹ ಉದ್ಯಮ ಉಪಕರಣಗಳಿವೆ.","Working literal gloss: Supported by over 70 Lakhs in research grants, our state-of-the-art labs feature industry tools like Cadence and MATLAB.",No omission established by desk review; native reviewer must verify every clause.,No added fact established by desk review; native reviewer must verify register and implications.,No specific defect established; native review required.,No specific defect established; native review required.,No specific defect established; native review required.,No specific defect established; native review required.,No specific defect established; native review required.,None; stored as a complete source value.,both,backend content adapters/unit narration + frontend department card locale imports,"70 ಲಕ್ಷಕ್ಕೂ ಹೆಚ್ಚು ಮೌಲ್ಯದ ಸಂಶೋಧನಾ ಅನುದಾನಗಳ ಬೆಂಬಲದೊಂದಿಗೆ, ನಮ್ಮ ಅತ್ಯಾಧುನಿಕ ಪ್ರಯೋಗಾಲಯಗಳಲ್ಲಿ ಕ್ಯಾಡೆನ್ಸ್ ಮತ್ತು MATLAB ನಂತಹ ಉದ್ಯಮ ಉಪಕರಣಗಳಿವೆ.","70 ಲಕ್ಷಕ್ಕೂ ಹೆಚ್ಚು ಮೌಲ್ಯದ ಸಂಶೋಧನಾ ಅನುದಾನಗಳ ಬೆಂಬಲದೊಂದಿಗೆ, ನಮ್ಮ ಅತ್ಯಾಧುನಿಕ ಪ್ರಯೋಗಾಲಯಗಳಲ್ಲಿ ಕ್ಯಾಡೆನ್ಸ್ ಮತ್ತು MATLAB ನಂತಹ ಉದ್ಯಮ ಉಪಕರಣಗಳಿವೆ.",YES,READY_FOR_NATIVE_REVIEW,NO,,,,
kn.departments.ece.placement,backend/data/locales/kn.json#departments.ece.placement,9. Placements,Department card — ece / placement,"We run dedicated Centers of Excellence in 5G and IoT, directly connecting students to top tech manufacturers and research labs.","Communicate the complete English source meaning without omitting qualifiers, actions, names, numbers, fees, or acronyms: We run dedicated Centers of Excellence in 5G and IoT, directly connecting students to top tech manufacturers and research labs.","ನಾವು 5G ಮತ್ತು IoT ಯಲ್ಲಿ ಮೀಸಲಾದ ಸೆಂಟರ್ ಆಫ್ ಎಕ್ಸಲೆನ್ಸ್ ಅನ್ನು ನಡೆಸುತ್ತೇವೆ, ಉನ್ನತ ತಂತ್ರಜ್ಞಾನ ತಯಾರಕರು ಮತ್ತು ಸಂಶೋಧನಾ ಪ್ರಯೋಗಾಲಯಗಳಿಗೆ ನೇರವಾಗಿ ವಿದ್ಯಾರ್ಥಿಗಳನ್ನು ಸಂಪರ್ಕಿಸುತ್ತೇವೆ.","Working literal gloss: We run dedicated Centers of Excellence in 5G and IoT, directly connecting students to top tech manufacturers and research labs.",No omission established by desk review; native reviewer must verify every clause.,No added fact established by desk review; native reviewer must verify register and implications.,No specific defect established; native review required.,No specific defect established; native review required.,No specific defect established; native review required.,No specific defect established; native review required.,No specific defect established; native review required.,None; stored as a complete source value.,both,backend content adapters/unit narration + frontend department card locale imports,"ನಾವು 5G ಮತ್ತು IoT ಯಲ್ಲಿ ಮೀಸಲಾದ ಸೆಂಟರ್ ಆಫ್ ಎಕ್ಸಲೆನ್ಸ್ ಅನ್ನು ನಡೆಸುತ್ತೇವೆ, ಉನ್ನತ ತಂತ್ರಜ್ಞಾನ ತಯಾರಕರು ಮತ್ತು ಸಂಶೋಧನಾ ಪ್ರಯೋಗಾಲಯಗಳಿಗೆ ನೇರವಾಗಿ ವಿದ್ಯಾರ್ಥಿಗಳನ್ನು ಸಂಪರ್ಕಿಸುತ್ತೇವೆ.","ನಾವು 5G ಮತ್ತು IoT ಯಲ್ಲಿ ಮೀಸಲಾದ ಸೆಂಟರ್ ಆಫ್ ಎಕ್ಸಲೆನ್ಸ್ ಅನ್ನು ನಡೆಸುತ್ತೇವೆ, ಉನ್ನತ ತಂತ್ರಜ್ಞಾನ ತಯಾರಕರು ಮತ್ತು ಸಂಶೋಧನಾ ಪ್ರಯೋಗಾಲಯಗಳಿಗೆ ನೇರವಾಗಿ ವಿದ್ಯಾರ್ಥಿಗಳನ್ನು ಸಂಪರ್ಕಿಸುತ್ತೇವೆ.",YES,READY_FOR_NATIVE_REVIEW,NO,,,,
kn.departments.ece.fees,backend/data/locales/kn.json#departments.ece.fees,8. Fees,Department card — ece / fees,"KCET: As per KEA norms | Management: ₹2,00,000/year","Communicate the complete English source meaning without omitting qualifiers, actions, names, numbers, fees, or acronyms: KCET: As per KEA norms | Management: ₹2,00,000/year","KCET: KEA ಮಾನದಂಡಗಳ ಪ್ರಕಾರ | ಮ್ಯಾನೇಜ್‌ಮೆಂಟ್ ಕೋಟಾ: ₹2,00,000/ವರ್ಷ","Working literal gloss: KCET: As per KEA norms | Management: ₹2,00,000/year",The official fee amount cannot be selected because production sources conflict.,No candidate fee fact is added; the proposal is a fail-closed contact message.,Wording review is secondary until the official fact owner resolves the amount.,No specific defect established; native review required.,Wording review is secondary until the official fact owner resolves the amount.,Wording review is secondary until the official fact owner resolves the amount.,No specific defect established; native review required.,None; stored as a complete source value.,both,backend content adapters/unit narration + frontend department card locale imports,"ಈ ಮಾಹಿತಿಯನ್ನು ಇನ್ನೂ ಅಧಿಕೃತವಾಗಿ ದೃಢೀಕರಿಸಲಾಗಿಲ್ಲ.
ಹೆಚ್ಚಿನ ಮಾಹಿತಿಗಾಗಿ ಸಂಬಂಧಿತ ವಿಭಾಗವನ್ನು ಸಂಪರ್ಕಿಸಿ.",ಈ ಮಾಹಿತಿಯನ್ನು ಇನ್ನೂ ಅಧಿಕೃತವಾಗಿ ದೃಢೀಕರಿಸಲಾಗಿಲ್ಲ. ಹೆಚ್ಚಿನ ಮಾಹಿತಿಗಾಗಿ ಸಂಬಂಧಿತ ವಿಭಾಗವನ್ನು ಸಂಪರ್ಕಿಸಿ.,REQUIRES REVIEW,BLOCKED_OFFICIAL_FACT,YES,,,,
kn.departments.civil.intro,backend/data/locales/kn.json#departments.civil.intro,6. Departments,Department card — civil / intro,Civil Engineering shapes the infrastructure of tomorrow. We build sustainable engineers who design and innovate for the future.,"Communicate the complete English source meaning without omitting qualifiers, actions, names, numbers, fees, or acronyms: Civil Engineering shapes the infrastructure of tomorrow. We build sustainable engineers who design and innovate for the future.",ಸಿವಿಲ್ ಇಂಜಿನಿಯರಿಂಗ್ ನಾಳೆಯ ಮೂಲಸೌಕರ್ಯವನ್ನು ರೂಪಿಸುತ್ತದೆ. ಭವಿಷ್ಯಕ್ಕಾಗಿ ವಿನ್ಯಾಸಗೊಳಿಸುವ ಮತ್ತು ಆವಿಷ್ಕರಿಸುವ ಸುಸ್ಥಿರ ಎಂಜಿನಿಯರ್‌ಗಳನ್ನು ನಾವು ನಿರ್ಮಿಸುತ್ತೇವೆ.,Working literal gloss: Civil Engineering shapes the infrastructure of tomorrow. We build sustainable engineers who design and innovate for the future.,No omission established by desk review; native reviewer must verify every clause.,No added fact established by desk review; native reviewer must verify register and implications.,No specific defect established; native review required.,No specific defect established; native review required.,No specific defect established; native review required.,No specific defect established; native review required.,No specific defect established; native review required.,None; stored as a complete source value.,both,backend content adapters/unit narration + frontend department card locale imports,ಸಿವಿಲ್ ಇಂಜಿನಿಯರಿಂಗ್ ನಾಳೆಯ ಮೂಲಸೌಕರ್ಯವನ್ನು ರೂಪಿಸುತ್ತದೆ. ಭವಿಷ್ಯಕ್ಕಾಗಿ ವಿನ್ಯಾಸಗೊಳಿಸುವ ಮತ್ತು ಆವಿಷ್ಕರಿಸುವ ಸುಸ್ಥಿರ ಎಂಜಿನಿಯರ್‌ಗಳನ್ನು ನಾವು ನಿರ್ಮಿಸುತ್ತೇವೆ.,ಸಿವಿಲ್ ಇಂಜಿನಿಯರಿಂಗ್ ನಾಳೆಯ ಮೂಲಸೌಕರ್ಯವನ್ನು ರೂಪಿಸುತ್ತದೆ. ಭವಿಷ್ಯಕ್ಕಾಗಿ ವಿನ್ಯಾಸಗೊಳಿಸುವ ಮತ್ತು ಆವಿಷ್ಕರಿಸುವ ಸುಸ್ಥಿರ ಎಂಜಿನಿಯರ್‌ಗಳನ್ನು ನಾವು ನಿರ್ಮಿಸುತ್ತೇವೆ.,YES,READY_FOR_NATIVE_REVIEW,NO,,,,
kn.departments.civil.hod_voice,backend/data/locales/kn.json#departments.civil.hod_voice,7. HOD,Department card — civil / hod_voice,Dr. Ananthayya M B guides our mission to transform students into frontrunners and guardians of natural resources.,"Communicate the complete English source meaning without omitting qualifiers, actions, names, numbers, fees, or acronyms: Dr. Ananthayya M B guides our mission to transform students into frontrunners and guardians of natural resources.",ಡಾ. ಅನಂತಯ್ಯ ಎಂ ಬಿ ವಿದ್ಯಾರ್ಥಿಗಳನ್ನು ನೈಸರ್ಗಿಕ ಸಂಪನ್ಮೂಲಗಳ ಮುಂಚೂಣಿಯಲ್ಲಿ ಮತ್ತು ರಕ್ಷಕರನ್ನಾಗಿ ಪರಿವರ್ತಿಸುವ ನಮ್ಮ ಧ್ಯೇಯವನ್ನು ಮಾರ್ಗದರ್ಶನ ಮಾಡುತ್ತಾರೆ.,Working literal gloss: Dr. Ananthayya M B guides our mission to transform students into frontrunners and guardians of natural resources.,No omission established by desk review; native reviewer must verify every clause.,No added fact established by desk review; native reviewer must verify register and implications.,The sentence has been redrafted as a complete candidate; native reviewer must validate grammar.,No specific defect established; native review required.,Candidate uses revised Kannada ordering; native reviewer must compare it with the current construction.,Candidate targets consistent respectful kiosk language; approval is pending.,No specific defect established; native review required.,None; stored as a complete source value.,narration,backend content adapters/unit narration + frontend department card locale imports,,ಡಾ. ಅನಂತಯ್ಯ ಎಂ ಬಿ ಅವರು ವಿದ್ಯಾರ್ಥಿಗಳನ್ನು ನೈಸರ್ಗಿಕ ಸಂಪನ್ಮೂಲಗಳ ರಕ್ಷಣೆಯ ಮುಂಚೂಣಿಯ ಎಂಜಿನಿಯರ್‌ಗಳನ್ನಾಗಿ ಪರಿವರ್ತಿಸುವ ನಮ್ಮ ಧ್ಯೇಯಕ್ಕೆ ಮಾರ್ಗದರ್ಶನ ನೀಡುತ್ತಾರೆ.,YES,READY_FOR_NATIVE_REVIEW,YES,,,,
kn.departments.civil.achievements,backend/data/locales/kn.json#departments.civil.achievements,10. Achievements,Department card — civil / achievements,"Established in 2010, the department boasts experienced faculty deeply involved in R&D and core structural engineering.","Communicate the complete English source meaning without omitting qualifiers, actions, names, numbers, fees, or acronyms: Established in 2010, the department boasts experienced faculty deeply involved in R&D and core structural engineering.",2010 ರಲ್ಲಿ ಸ್ಥಾಪಿತವಾದ ವಿಭಾಗವು ಅನುಭವಿ ಅಧ್ಯಾಪಕರನ್ನು ಆರ್ & ಡಿ ಮತ್ತು ಕೋರ್ ಸ್ಟ್ರಕ್ಚರಲ್ ಎಂಜಿನಿಯರಿಂಗ್‌ನಲ್ಲಿ ಆಳವಾಗಿ ತೊಡಗಿಸಿಕೊಂಡಿದೆ.,"Working literal gloss: Established in 2010, the department boasts experienced faculty deeply involved in R&D and core structural engineering.",No omission established by desk review; native reviewer must verify every clause.,No added fact established by desk review; native reviewer must verify register and implications.,No specific defect established; native review required.,No specific defect established; native review required.,No specific defect established; native review required.,No specific defect established; native review required.,No specific defect established; native review required.,None; stored as a complete source value.,both,backend content adapters/unit narration + frontend department card locale imports,2010 ರಲ್ಲಿ ಸ್ಥಾಪಿತವಾದ ವಿಭಾಗವು ಅನುಭವಿ ಅಧ್ಯಾಪಕರನ್ನು ಆರ್ & ಡಿ ಮತ್ತು ಕೋರ್ ಸ್ಟ್ರಕ್ಚರಲ್ ಎಂಜಿನಿಯರಿಂಗ್‌ನಲ್ಲಿ ಆಳವಾಗಿ ತೊಡಗಿಸಿಕೊಂಡಿದೆ.,2010 ರಲ್ಲಿ ಸ್ಥಾಪಿತವಾದ ವಿಭಾಗವು ಅನುಭವಿ ಅಧ್ಯಾಪಕರನ್ನು ಆರ್ & ಡಿ ಮತ್ತು ಕೋರ್ ಸ್ಟ್ರಕ್ಚರಲ್ ಎಂಜಿನಿಯರಿಂಗ್‌ನಲ್ಲಿ ಆಳವಾಗಿ ತೊಡಗಿಸಿಕೊಂಡಿದೆ.,REQUIRES REVIEW,READY_FOR_NATIVE_REVIEW,NO,,,,
kn.departments.civil.placement,backend/data/locales/kn.json#departments.civil.placement,9. Placements,Department card — civil / placement,Strong alumni network in reputed global construction and consultancy industries provides excellent career opportunities.,"Communicate the complete English source meaning without omitting qualifiers, actions, names, numbers, fees, or acronyms: Strong alumni network in reputed global construction and consultancy industries provides excellent career opportunities.",ಪ್ರತಿಷ್ಠಿತ ಜಾಗತಿಕ ನಿರ್ಮಾಣ ಮತ್ತು ಸಲಹಾ ಉದ್ಯಮಗಳಲ್ಲಿ ಬಲವಾದ ಹಳೆಯ ವಿದ್ಯಾರ್ಥಿಗಳ ನೆಟ್‌ವರ್ಕ್ ಅತ್ಯುತ್ತಮ ವೃತ್ತಿ ಅವಕಾಶಗಳನ್ನು ಒದಗಿಸುತ್ತದೆ.,Working literal gloss: Strong alumni network in reputed global construction and consultancy industries provides excellent career opportunities.,No omission established by desk review; native reviewer must verify every clause.,No added fact established by desk review; native reviewer must verify register and implications.,No specific defect established; native review required.,No specific defect established; native review required.,No specific defect established; native review required.,No specific defect established; native review required.,No specific defect established; native review required.,None; stored as a complete source value.,both,backend content adapters/unit narration + frontend department card locale imports,ಪ್ರತಿಷ್ಠಿತ ಜಾಗತಿಕ ನಿರ್ಮಾಣ ಮತ್ತು ಸಲಹಾ ಉದ್ಯಮಗಳಲ್ಲಿ ಬಲವಾದ ಹಳೆಯ ವಿದ್ಯಾರ್ಥಿಗಳ ನೆಟ್‌ವರ್ಕ್ ಅತ್ಯುತ್ತಮ ವೃತ್ತಿ ಅವಕಾಶಗಳನ್ನು ಒದಗಿಸುತ್ತದೆ.,ಪ್ರತಿಷ್ಠಿತ ಜಾಗತಿಕ ನಿರ್ಮಾಣ ಮತ್ತು ಸಲಹಾ ಉದ್ಯಮಗಳಲ್ಲಿ ಬಲವಾದ ಹಳೆಯ ವಿದ್ಯಾರ್ಥಿಗಳ ನೆಟ್‌ವರ್ಕ್ ಅತ್ಯುತ್ತಮ ವೃತ್ತಿ ಅವಕಾಶಗಳನ್ನು ಒದಗಿಸುತ್ತದೆ.,YES,READY_FOR_NATIVE_REVIEW,NO,,,,
kn.departments.civil.fees,backend/data/locales/kn.json#departments.civil.fees,8. Fees,Department card — civil / fees,"KCET: ₹1,10,000/year | Management: Priority CET-FEES as per KEA","Communicate the complete English source meaning without omitting qualifiers, actions, names, numbers, fees, or acronyms: KCET: ₹1,10,000/year | Management: Priority CET-FEES as per KEA","KCET: ₹1,10,000/ವರ್ಷ | ನಿರ್ವಹಣೆ: ಕೆಇಎ ಪ್ರಕಾರ ಆದ್ಯತೆಯ ಸಿಇಟಿ-ಶುಲ್ಕಗಳು","Working literal gloss: KCET: ₹1,10,000/year | Management: Priority CET-FEES as per KEA",The official fee amount cannot be selected because production sources conflict.,No candidate fee fact is added; the proposal is a fail-closed contact message.,Wording review is secondary until the official fact owner resolves the amount.,No specific defect established; native review required.,Wording review is secondary until the official fact owner resolves the amount.,Wording review is secondary until the official fact owner resolves the amount.,No specific defect established; native review required.,None; stored as a complete source value.,both,backend content adapters/unit narration + frontend department card locale imports,"ಈ ಮಾಹಿತಿಯನ್ನು ಇನ್ನೂ ಅಧಿಕೃತವಾಗಿ ದೃಢೀಕರಿಸಲಾಗಿಲ್ಲ.
ಹೆಚ್ಚಿನ ಮಾಹಿತಿಗಾಗಿ ಸಂಬಂಧಿತ ವಿಭಾಗವನ್ನು ಸಂಪರ್ಕಿಸಿ.",ಈ ಮಾಹಿತಿಯನ್ನು ಇನ್ನೂ ಅಧಿಕೃತವಾಗಿ ದೃಢೀಕರಿಸಲಾಗಿಲ್ಲ. ಹೆಚ್ಚಿನ ಮಾಹಿತಿಗಾಗಿ ಸಂಬಂಧಿತ ವಿಭಾಗವನ್ನು ಸಂಪರ್ಕಿಸಿ.,REQUIRES REVIEW,BLOCKED_OFFICIAL_FACT,YES,,,,
kn.departments.mechanical.intro,backend/data/locales/kn.json#departments.mechanical.intro,6. Departments,Department card — mechanical / intro,"Mechanical Engineering is the bedrock of industrial innovation. We instill global competency through practical, ethical education.","Communicate the complete English source meaning without omitting qualifiers, actions, names, numbers, fees, or acronyms: Mechanical Engineering is the bedrock of industrial innovation. We instill global competency through practical, ethical education.",ಮೆಕ್ಯಾನಿಕಲ್ ಇಂಜಿನಿಯರಿಂಗ್ ಕೈಗಾರಿಕಾ ನಾವೀನ್ಯತೆಯ ತಳಹದಿಯಾಗಿದೆ. ಪ್ರಾಯೋಗಿಕ ಮತ್ತು ನೈತಿಕ ಶಿಕ್ಷಣದ ಮೂಲಕ ನಾವು ಜಾಗತಿಕ ಸ್ಪರ್ಧಾತ್ಮಕ ಸಾಮರ್ಥ್ಯವನ್ನು ಬೆಳೆಸುತ್ತೇವೆ.,"Working literal gloss: Mechanical Engineering is the bedrock of industrial innovation. We instill global competency through practical, ethical education.",No omission established by desk review; native reviewer must verify every clause.,No added fact established by desk review; native reviewer must verify register and implications.,No specific defect established; native review required.,No specific defect established; native review required.,No specific defect established; native review required.,No specific defect established; native review required.,No specific defect established; native review required.,None; stored as a complete source value.,both,backend content adapters/unit narration + frontend department card locale imports,ಮೆಕ್ಯಾನಿಕಲ್ ಇಂಜಿನಿಯರಿಂಗ್ ಕೈಗಾರಿಕಾ ನಾವೀನ್ಯತೆಯ ತಳಹದಿಯಾಗಿದೆ. ಪ್ರಾಯೋಗಿಕ ಮತ್ತು ನೈತಿಕ ಶಿಕ್ಷಣದ ಮೂಲಕ ನಾವು ಜಾಗತಿಕ ಸ್ಪರ್ಧಾತ್ಮಕ ಸಾಮರ್ಥ್ಯವನ್ನು ಬೆಳೆಸುತ್ತೇವೆ.,ಮೆಕ್ಯಾನಿಕಲ್ ಇಂಜಿನಿಯರಿಂಗ್ ಕೈಗಾರಿಕಾ ನಾವೀನ್ಯತೆಯ ತಳಹದಿಯಾಗಿದೆ. ಪ್ರಾಯೋಗಿಕ ಮತ್ತು ನೈತಿಕ ಶಿಕ್ಷಣದ ಮೂಲಕ ನಾವು ಜಾಗತಿಕ ಸ್ಪರ್ಧಾತ್ಮಕ ಸಾಮರ್ಥ್ಯವನ್ನು ಬೆಳೆಸುತ್ತೇವೆ.,YES,READY_FOR_NATIVE_REVIEW,NO,,,,
kn.departments.mechanical.hod_voice,backend/data/locales/kn.json#departments.mechanical.hod_voice,7. HOD,Department card — mechanical / hod_voice,"Under Dr. Raghavendra S, we create technologically superior global manpower through active industry participation and R&D.","Communicate the complete English source meaning without omitting qualifiers, actions, names, numbers, fees, or acronyms: Under Dr. Raghavendra S, we create technologically superior global manpower through active industry participation and R&D.","ಡಾ. ರಾಘವೇಂದ್ರ ಎಸ್ ಅಡಿಯಲ್ಲಿ, ನಾವು ಸಕ್ರಿಯ ಉದ್ಯಮ ಭಾಗವಹಿಸುವಿಕೆ ಮತ್ತು ಆರ್ & ಡಿ ಮೂಲಕ ತಾಂತ್ರಿಕವಾಗಿ ಉನ್ನತ ಜಾಗತಿಕ ಮಾನವಶಕ್ತಿಯನ್ನು ರಚಿಸುತ್ತೇವೆ.","Working literal gloss: Under Dr. Raghavendra S, we create technologically superior global manpower through active industry participation and R&D.",No omission established by desk review; native reviewer must verify every clause.,No added fact established by desk review; native reviewer must verify register and implications.,No specific defect established; native review required.,No specific defect established; native review required.,No specific defect established; native review required.,No specific defect established; native review required.,No specific defect established; native review required.,None; stored as a complete source value.,narration,backend content adapters/unit narration + frontend department card locale imports,,"ಡಾ. ರಾಘವೇಂದ್ರ ಎಸ್ ಅಡಿಯಲ್ಲಿ, ನಾವು ಸಕ್ರಿಯ ಉದ್ಯಮ ಭಾಗವಹಿಸುವಿಕೆ ಮತ್ತು ಆರ್ & ಡಿ ಮೂಲಕ ತಾಂತ್ರಿಕವಾಗಿ ಉನ್ನತ ಜಾಗತಿಕ ಮಾನವಶಕ್ತಿಯನ್ನು ರಚಿಸುತ್ತೇವೆ.",YES,READY_FOR_NATIVE_REVIEW,NO,,,,
kn.departments.mechanical.achievements,backend/data/locales/kn.json#departments.mechanical.achievements,10. Achievements,Department card — mechanical / achievements,Our well-equipped labs and dedicated researchers provide hands-on technical skill enhancement with modern tools.,"Communicate the complete English source meaning without omitting qualifiers, actions, names, numbers, fees, or acronyms: Our well-equipped labs and dedicated researchers provide hands-on technical skill enhancement with modern tools.",ನಮ್ಮ ಸುಸಜ್ಜಿತ ಲ್ಯಾಬ್‌ಗಳು ಮತ್ತು ಮೀಸಲಾದ ಸಂಶೋಧಕರು ಆಧುನಿಕ ಪರಿಕರಗಳೊಂದಿಗೆ ತಾಂತ್ರಿಕ ಕೌಶಲ್ಯ ವರ್ಧನೆಯನ್ನು ಒದಗಿಸುತ್ತಾರೆ.,Working literal gloss: Our well-equipped labs and dedicated researchers provide hands-on technical skill enhancement with modern tools.,No omission established by desk review; native reviewer must verify every clause.,No added fact established by desk review; native reviewer must verify register and implications.,No specific defect established; native review required.,No specific defect established; native review required.,No specific defect established; native review required.,No specific defect established; native review required.,No specific defect established; native review required.,None; stored as a complete source value.,both,backend content adapters/unit narration + frontend department card locale imports,ನಮ್ಮ ಸುಸಜ್ಜಿತ ಲ್ಯಾಬ್‌ಗಳು ಮತ್ತು ಮೀಸಲಾದ ಸಂಶೋಧಕರು ಆಧುನಿಕ ಪರಿಕರಗಳೊಂದಿಗೆ ತಾಂತ್ರಿಕ ಕೌಶಲ್ಯ ವರ್ಧನೆಯನ್ನು ಒದಗಿಸುತ್ತಾರೆ.,ನಮ್ಮ ಸುಸಜ್ಜಿತ ಲ್ಯಾಬ್‌ಗಳು ಮತ್ತು ಮೀಸಲಾದ ಸಂಶೋಧಕರು ಆಧುನಿಕ ಪರಿಕರಗಳೊಂದಿಗೆ ತಾಂತ್ರಿಕ ಕೌಶಲ್ಯ ವರ್ಧನೆಯನ್ನು ಒದಗಿಸುತ್ತಾರೆ.,YES,READY_FOR_NATIVE_REVIEW,NO,,,,
kn.departments.mechanical.placement,backend/data/locales/kn.json#departments.mechanical.placement,9. Placements,Department card — mechanical / placement,"Core manufacturing and automotive companies actively recruit our skilled, industry-ready graduates.","Communicate the complete English source meaning without omitting qualifiers, actions, names, numbers, fees, or acronyms: Core manufacturing and automotive companies actively recruit our skilled, industry-ready graduates.","ಕೋರ್ ಉತ್ಪಾದನೆ ಮತ್ತು ವಾಹನ ಕಂಪನಿಗಳು ನಮ್ಮ ನುರಿತ, ಉದ್ಯಮ-ಸಿದ್ಧ ಪದವೀಧರರನ್ನು ಸಕ್ರಿಯವಾಗಿ ನೇಮಿಸಿಕೊಳ್ಳುತ್ತವೆ.","Working literal gloss: Core manufacturing and automotive companies actively recruit our skilled, industry-ready graduates.",No omission established by desk review; native reviewer must verify every clause.,No added fact established by desk review; native reviewer must verify register and implications.,No specific defect established; native review required.,No specific defect established; native review required.,No specific defect established; native review required.,No specific defect established; native review required.,No specific defect established; native review required.,None; stored as a complete source value.,both,backend content adapters/unit narration + frontend department card locale imports,"ಕೋರ್ ಉತ್ಪಾದನೆ ಮತ್ತು ವಾಹನ ಕಂಪನಿಗಳು ನಮ್ಮ ನುರಿತ, ಉದ್ಯಮ-ಸಿದ್ಧ ಪದವೀಧರರನ್ನು ಸಕ್ರಿಯವಾಗಿ ನೇಮಿಸಿಕೊಳ್ಳುತ್ತವೆ.","ಕೋರ್ ಉತ್ಪಾದನೆ ಮತ್ತು ವಾಹನ ಕಂಪನಿಗಳು ನಮ್ಮ ನುರಿತ, ಉದ್ಯಮ-ಸಿದ್ಧ ಪದವೀಧರರನ್ನು ಸಕ್ರಿಯವಾಗಿ ನೇಮಿಸಿಕೊಳ್ಳುತ್ತವೆ.",YES,READY_FOR_NATIVE_REVIEW,NO,,,,
kn.departments.mechanical.fees,backend/data/locales/kn.json#departments.mechanical.fees,8. Fees,Department card — mechanical / fees,"KCET: ₹1,10,000/year | Management: Priority CET-FEES as per KEA","Communicate the complete English source meaning without omitting qualifiers, actions, names, numbers, fees, or acronyms: KCET: ₹1,10,000/year | Management: Priority CET-FEES as per KEA","KCET: ₹1,10,000/ವರ್ಷ | ನಿರ್ವಹಣೆ: ಕೆಇಎ ಪ್ರಕಾರ ಆದ್ಯತೆಯ ಸಿಇಟಿ-ಶುಲ್ಕಗಳು","Working literal gloss: KCET: ₹1,10,000/year | Management: Priority CET-FEES as per KEA",The official fee amount cannot be selected because production sources conflict.,No candidate fee fact is added; the proposal is a fail-closed contact message.,Wording review is secondary until the official fact owner resolves the amount.,No specific defect established; native review required.,Wording review is secondary until the official fact owner resolves the amount.,Wording review is secondary until the official fact owner resolves the amount.,No specific defect established; native review required.,None; stored as a complete source value.,both,backend content adapters/unit narration + frontend department card locale imports,"ಈ ಮಾಹಿತಿಯನ್ನು ಇನ್ನೂ ಅಧಿಕೃತವಾಗಿ ದೃಢೀಕರಿಸಲಾಗಿಲ್ಲ.
ಹೆಚ್ಚಿನ ಮಾಹಿತಿಗಾಗಿ ಸಂಬಂಧಿತ ವಿಭಾಗವನ್ನು ಸಂಪರ್ಕಿಸಿ.",ಈ ಮಾಹಿತಿಯನ್ನು ಇನ್ನೂ ಅಧಿಕೃತವಾಗಿ ದೃಢೀಕರಿಸಲಾಗಿಲ್ಲ. ಹೆಚ್ಚಿನ ಮಾಹಿತಿಗಾಗಿ ಸಂಬಂಧಿತ ವಿಭಾಗವನ್ನು ಸಂಪರ್ಕಿಸಿ.,REQUIRES REVIEW,BLOCKED_OFFICIAL_FACT,YES,,,,
kn.departments.mba.intro,backend/data/locales/kn.json#departments.mba.intro,6. Departments,Department card — mba / intro,"Our MBA program empowers students with the knowledge, skills, and values needed for holistic corporate development.","Communicate the complete English source meaning without omitting qualifiers, actions, names, numbers, fees, or acronyms: Our MBA program empowers students with the knowledge, skills, and values needed for holistic corporate development.","ನಮ್ಮ MBA ಪ್ರೋಗ್ರಾಂ ಸಮಗ್ರ ಸಾಂಸ್ಥಿಕ ಅಭಿವೃದ್ಧಿಗೆ ಅಗತ್ಯವಿರುವ ಜ್ಞಾನ, ಕೌಶಲ್ಯ ಮತ್ತು ಮೌಲ್ಯಗಳೊಂದಿಗೆ ವಿದ್ಯಾರ್ಥಿಗಳಿಗೆ ಅಧಿಕಾರ ನೀಡುತ್ತದೆ.","Working literal gloss: Our MBA program empowers students with the knowledge, skills, and values needed for holistic corporate development.",No omission established by desk review; native reviewer must verify every clause.,No added fact established by desk review; native reviewer must verify register and implications.,No specific defect established; native review required.,No specific defect established; native review required.,No specific defect established; native review required.,No specific defect established; native review required.,No specific defect established; native review required.,None; stored as a complete source value.,both,backend content adapters/unit narration + frontend department card locale imports,"ನಮ್ಮ MBA ಪ್ರೋಗ್ರಾಂ ಸಮಗ್ರ ಸಾಂಸ್ಥಿಕ ಅಭಿವೃದ್ಧಿಗೆ ಅಗತ್ಯವಿರುವ ಜ್ಞಾನ, ಕೌಶಲ್ಯ ಮತ್ತು ಮೌಲ್ಯಗಳೊಂದಿಗೆ ವಿದ್ಯಾರ್ಥಿಗಳಿಗೆ ಅಧಿಕಾರ ನೀಡುತ್ತದೆ.","ನಮ್ಮ MBA ಪ್ರೋಗ್ರಾಂ ಸಮಗ್ರ ಸಾಂಸ್ಥಿಕ ಅಭಿವೃದ್ಧಿಗೆ ಅಗತ್ಯವಿರುವ ಜ್ಞಾನ, ಕೌಶಲ್ಯ ಮತ್ತು ಮೌಲ್ಯಗಳೊಂದಿಗೆ ವಿದ್ಯಾರ್ಥಿಗಳಿಗೆ ಅಧಿಕಾರ ನೀಡುತ್ತದೆ.",YES,READY_FOR_NATIVE_REVIEW,NO,,,,
kn.departments.mba.hod_voice,backend/data/locales/kn.json#departments.mba.hod_voice,7. HOD,Department card — mba / hod_voice,"Led by Dr. Jogish D, boasting 25+ years of experience, we master Specializations across Finance, HR, IT, and Marketing.","Communicate the complete English source meaning without omitting qualifiers, actions, names, numbers, fees, or acronyms: Led by Dr. Jogish D, boasting 25+ years of experience, we master Specializations across Finance, HR, IT, and Marketing.","ಡಾ. ಜೋಗೀಶ್ ಡಿ ಅವರ ನೇತೃತ್ವದಲ್ಲಿ, 25+ ವರ್ಷಗಳ ಅನುಭವದೊಂದಿಗೆ, ನಾವು ಹಣಕಾಸು, HR, IT ಮತ್ತು ಮಾರ್ಕೆಟಿಂಗ್ ವಿಶೇಷತೆಗಳನ್ನು ಕರಗತ ಮಾಡಿಕೊಳ್ಳುತ್ತೇವೆ.","Working literal gloss: Led by Dr. Jogish D, boasting 25+ years of experience, we master Specializations across Finance, HR, IT, and Marketing.",No omission established by desk review; native reviewer must verify every clause.,No added fact established by desk review; native reviewer must verify register and implications.,The sentence has been redrafted as a complete candidate; native reviewer must validate grammar.,No specific defect established; native review required.,Candidate uses revised Kannada ordering; native reviewer must compare it with the current construction.,Candidate targets consistent respectful kiosk language; approval is pending.,No specific defect established; native review required.,None; stored as a complete source value.,narration,backend content adapters/unit narration + frontend department card locale imports,,"ಡಾ. ಜೋಗೀಶ್ ಡಿ ಅವರ ನೇತೃತ್ವದಲ್ಲಿ, 25+ ವರ್ಷಗಳ ಅನುಭವದೊಂದಿಗೆ, ನಾವು ಹಣಕಾಸು, ಮಾನವ ಸಂಪನ್ಮೂಲ, IT ಮತ್ತು ಮಾರ್ಕೆಟಿಂಗ್ ವಿಶೇಷತೆಗಳನ್ನು ಕರಗತ ಮಾಡಿಕೊಳ್ಳುತ್ತೇವೆ.",YES,READY_FOR_NATIVE_REVIEW,YES,,,,
kn.departments.mba.achievements,backend/data/locales/kn.json#departments.mba.achievements,10. Achievements,Department card — mba / achievements,Our modern management laboratories and experienced full-time faculty drive premier business education and alumni success.,"Communicate the complete English source meaning without omitting qualifiers, actions, names, numbers, fees, or acronyms: Our modern management laboratories and experienced full-time faculty drive premier business education and alumni success.",ನಮ್ಮ ಆಧುನಿಕ ನಿರ್ವಹಣಾ ಪ್ರಯೋಗಾಲಯಗಳು ಮತ್ತು ಅನುಭವಿ ಪೂರ್ಣ ಸಮಯದ ಅಧ್ಯಾಪಕರು ಪ್ರಧಾನ ವ್ಯಾಪಾರ ಶಿಕ್ಷಣ ಮತ್ತು ಹಳೆಯ ವಿದ್ಯಾರ್ಥಿಗಳ ಯಶಸ್ಸನ್ನು ಹೆಚ್ಚಿಸುತ್ತಾರೆ.,Working literal gloss: Our modern management laboratories and experienced full-time faculty drive premier business education and alumni success.,No omission established by desk review; native reviewer must verify every clause.,No added fact established by desk review; native reviewer must verify register and implications.,No specific defect established; native review required.,No specific defect established; native review required.,No specific defect established; native review required.,No specific defect established; native review required.,No specific defect established; native review required.,None; stored as a complete source value.,both,backend content adapters/unit narration + frontend department card locale imports,ನಮ್ಮ ಆಧುನಿಕ ನಿರ್ವಹಣಾ ಪ್ರಯೋಗಾಲಯಗಳು ಮತ್ತು ಅನುಭವಿ ಪೂರ್ಣ ಸಮಯದ ಅಧ್ಯಾಪಕರು ಪ್ರಧಾನ ವ್ಯಾಪಾರ ಶಿಕ್ಷಣ ಮತ್ತು ಹಳೆಯ ವಿದ್ಯಾರ್ಥಿಗಳ ಯಶಸ್ಸನ್ನು ಹೆಚ್ಚಿಸುತ್ತಾರೆ.,ನಮ್ಮ ಆಧುನಿಕ ನಿರ್ವಹಣಾ ಪ್ರಯೋಗಾಲಯಗಳು ಮತ್ತು ಅನುಭವಿ ಪೂರ್ಣ ಸಮಯದ ಅಧ್ಯಾಪಕರು ಪ್ರಧಾನ ವ್ಯಾಪಾರ ಶಿಕ್ಷಣ ಮತ್ತು ಹಳೆಯ ವಿದ್ಯಾರ್ಥಿಗಳ ಯಶಸ್ಸನ್ನು ಹೆಚ್ಚಿಸುತ್ತಾರೆ.,YES,READY_FOR_NATIVE_REVIEW,NO,,,,
kn.departments.mba.placement,backend/data/locales/kn.json#departments.mba.placement,9. Placements,Department card — mba / placement,Comprehensive career guidance places our postgraduates in leading global corporations across diverse business sectors.,"Communicate the complete English source meaning without omitting qualifiers, actions, names, numbers, fees, or acronyms: Comprehensive career guidance places our postgraduates in leading global corporations across diverse business sectors.",ಸಮಗ್ರ ವೃತ್ತಿ ಮಾರ್ಗದರ್ಶನವು ನಮ್ಮ ಸ್ನಾತಕೋತ್ತರ ಪದವೀಧರರನ್ನು ವೈವಿಧ್ಯಮಯ ವ್ಯಾಪಾರ ಕ್ಷೇತ್ರಗಳಲ್ಲಿ ಪ್ರಮುಖ ಜಾಗತಿಕ ನಿಗಮಗಳಲ್ಲಿ ಇರಿಸುತ್ತದೆ.,Working literal gloss: Comprehensive career guidance places our postgraduates in leading global corporations across diverse business sectors.,No omission established by desk review; native reviewer must verify every clause.,No added fact established by desk review; native reviewer must verify register and implications.,No specific defect established; native review required.,No specific defect established; native review required.,No specific defect established; native review required.,No specific defect established; native review required.,No specific defect established; native review required.,None; stored as a complete source value.,both,backend content adapters/unit narration + frontend department card locale imports,ಸಮಗ್ರ ವೃತ್ತಿ ಮಾರ್ಗದರ್ಶನವು ನಮ್ಮ ಸ್ನಾತಕೋತ್ತರ ಪದವೀಧರರನ್ನು ವೈವಿಧ್ಯಮಯ ವ್ಯಾಪಾರ ಕ್ಷೇತ್ರಗಳಲ್ಲಿ ಪ್ರಮುಖ ಜಾಗತಿಕ ನಿಗಮಗಳಲ್ಲಿ ಇರಿಸುತ್ತದೆ.,ಸಮಗ್ರ ವೃತ್ತಿ ಮಾರ್ಗದರ್ಶನವು ನಮ್ಮ ಸ್ನಾತಕೋತ್ತರ ಪದವೀಧರರನ್ನು ವೈವಿಧ್ಯಮಯ ವ್ಯಾಪಾರ ಕ್ಷೇತ್ರಗಳಲ್ಲಿ ಪ್ರಮುಖ ಜಾಗತಿಕ ನಿಗಮಗಳಲ್ಲಿ ಇರಿಸುತ್ತದೆ.,YES,READY_FOR_NATIVE_REVIEW,NO,,,,
kn.departments.mba.fees,backend/data/locales/kn.json#departments.mba.fees,8. Fees,Department card — mba / fees,"Total Course (2 Years): General ₹1,55,000 - ₹3,10,000 | Core Specializations ₹1,40,000","Communicate the complete English source meaning without omitting qualifiers, actions, names, numbers, fees, or acronyms: Total Course (2 Years): General ₹1,55,000 - ₹3,10,000 | Core Specializations ₹1,40,000","ಒಟ್ಟು ಕೋರ್ಸ್ (2 ವರ್ಷಗಳು): ಸಾಮಾನ್ಯ ₹1,55,000 - ₹3,10,000; ಪ್ರಮುಖ ವಿಶೇಷತೆಗಳು ₹1,40,000","Working literal gloss: Total Course (2 Years): General ₹1,55,000 - ₹3,10,000 | Core Specializations ₹1,40,000",No omission established by desk review; native reviewer must verify every clause.,No added fact established by desk review; native reviewer must verify register and implications.,The sentence has been redrafted as a complete candidate; native reviewer must validate grammar.,No specific defect established; native review required.,Candidate uses revised Kannada ordering; native reviewer must compare it with the current construction.,Candidate targets consistent respectful kiosk language; approval is pending.,No specific defect established; native review required.,None; stored as a complete source value.,both,backend content adapters/unit narration + frontend department card locale imports,"ಒಟ್ಟು ಕೋರ್ಸ್ (2 ವರ್ಷಗಳು): ಸಾಮಾನ್ಯ ₹1,55,000 - ₹3,10,000 | ಪ್ರಮುಖ ವಿಶೇಷತೆಗಳು ₹1,40,000","ಒಟ್ಟು ಕೋರ್ಸ್ (2 ವರ್ಷಗಳು): ಸಾಮಾನ್ಯ ₹1,55,000 - ₹3,10,000. ಪ್ರಮುಖ ವಿಶೇಷತೆಗಳು ₹1,40,000.",YES,READY_FOR_NATIVE_REVIEW,YES,,,,
kn.departments.basic_sciences.intro,backend/data/locales/kn.json#departments.basic_sciences.intro,6. Departments,Department card — basic_sciences / intro,"The Basic Sciences departments—Mathematics, Physics, and Chemistry—provide the essential scientific and analytical foundation for all engineers.","Communicate the complete English source meaning without omitting qualifiers, actions, names, numbers, fees, or acronyms: The Basic Sciences departments—Mathematics, Physics, and Chemistry—provide the essential scientific and analytical foundation for all engineers.","ಮೂಲಭೂತ ವಿಜ್ಞಾನ ವಿಭಾಗಗಳು - ಗಣಿತ, ಭೌತಶಾಸ್ತ್ರ ಮತ್ತು ರಸಾಯನಶಾಸ್ತ್ರ - ಎಲ್ಲಾ ಇಂಜಿನಿಯರ್‌ಗಳಿಗೆ ಅಗತ್ಯವಾದ ವೈಜ್ಞಾನಿಕ ಮತ್ತು ವಿಶ್ಲೇಷಣಾತ್ಮಕ ಅಡಿಪಾಯವನ್ನು ಒದಗಿಸುತ್ತದೆ.","Working literal gloss: The Basic Sciences departments—Mathematics, Physics, and Chemistry—provide the essential scientific and analytical foundation for all engineers.",No omission established by desk review; native reviewer must verify every clause.,No added fact established by desk review; native reviewer must verify register and implications.,No specific defect established; native review required.,No specific defect established; native review required.,No specific defect established; native review required.,No specific defect established; native review required.,No specific defect established; native review required.,None; stored as a complete source value.,both,backend content adapters/unit narration + frontend department card locale imports,"ಮೂಲಭೂತ ವಿಜ್ಞಾನ ವಿಭಾಗಗಳು - ಗಣಿತ, ಭೌತಶಾಸ್ತ್ರ ಮತ್ತು ರಸಾಯನಶಾಸ್ತ್ರ - ಎಲ್ಲಾ ಇಂಜಿನಿಯರ್‌ಗಳಿಗೆ ಅಗತ್ಯವಾದ ವೈಜ್ಞಾನಿಕ ಮತ್ತು ವಿಶ್ಲೇಷಣಾತ್ಮಕ ಅಡಿಪಾಯವನ್ನು ಒದಗಿಸುತ್ತದೆ.","ಮೂಲಭೂತ ವಿಜ್ಞಾನ ವಿಭಾಗಗಳು - ಗಣಿತ, ಭೌತಶಾಸ್ತ್ರ ಮತ್ತು ರಸಾಯನಶಾಸ್ತ್ರ - ಎಲ್ಲಾ ಇಂಜಿನಿಯರ್‌ಗಳಿಗೆ ಅಗತ್ಯವಾದ ವೈಜ್ಞಾನಿಕ ಮತ್ತು ವಿಶ್ಲೇಷಣಾತ್ಮಕ ಅಡಿಪಾಯವನ್ನು ಒದಗಿಸುತ್ತದೆ.",YES,READY_FOR_NATIVE_REVIEW,NO,,,,
kn.departments.basic_sciences.hod_voice,backend/data/locales/kn.json#departments.basic_sciences.hod_voice,7. HOD,Department card — basic_sciences / hod_voice,"Headed by Dr. Arun Kumar R, Dr. Shankar P, and Dr. Bhagya N P, we promote mathematical thinking, applied chemistry, and fundamental physics.","Communicate the complete English source meaning without omitting qualifiers, actions, names, numbers, fees, or acronyms: Headed by Dr. Arun Kumar R, Dr. Shankar P, and Dr. Bhagya N P, we promote mathematical thinking, applied chemistry, and fundamental physics.","ಡಾ. ಅರುಣ್ ಕುಮಾರ್ ಆರ್, ಡಾ. ಶಂಕರ್ ಪಿ, ಮತ್ತು ಡಾ. ಭಾಗ್ಯ ಎನ್ ಪಿ ಅವರ ನೇತೃತ್ವದಲ್ಲಿ ನಾವು ಗಣಿತದ ಚಿಂತನೆ, ಅನ್ವಯಿಕ ರಸಾಯನಶಾಸ್ತ್ರ ಮತ್ತು ಮೂಲಭೂತ ಭೌತಶಾಸ್ತ್ರವನ್ನು ಉತ್ತೇಜಿಸುತ್ತೇವೆ.","Working literal gloss: Headed by Dr. Arun Kumar R, Dr. Shankar P, and Dr. Bhagya N P, we promote mathematical thinking, applied chemistry, and fundamental physics.",No omission established by desk review; native reviewer must verify every clause.,No added fact established by desk review; native reviewer must verify register and implications.,No specific defect established; native review required.,No specific defect established; native review required.,No specific defect established; native review required.,No specific defect established; native review required.,No specific defect established; native review required.,None; stored as a complete source value.,narration,backend content adapters/unit narration + frontend department card locale imports,,"ಡಾ. ಅರುಣ್ ಕುಮಾರ್ ಆರ್, ಡಾ. ಶಂಕರ್ ಪಿ, ಮತ್ತು ಡಾ. ಭಾಗ್ಯ ಎನ್ ಪಿ ಅವರ ನೇತೃತ್ವದಲ್ಲಿ ನಾವು ಗಣಿತದ ಚಿಂತನೆ, ಅನ್ವಯಿಕ ರಸಾಯನಶಾಸ್ತ್ರ ಮತ್ತು ಮೂಲಭೂತ ಭೌತಶಾಸ್ತ್ರವನ್ನು ಉತ್ತೇಜಿಸುತ್ತೇವೆ.",YES,READY_FOR_NATIVE_REVIEW,NO,,,,
kn.departments.basic_sciences.achievements,backend/data/locales/kn.json#departments.basic_sciences.achievements,10. Achievements,Department card — basic_sciences / achievements,"Recognized as VTU Research Centres, our faculty continuously publish research findings in peer-reviewed international journals.","Communicate the complete English source meaning without omitting qualifiers, actions, names, numbers, fees, or acronyms: Recognized as VTU Research Centres, our faculty continuously publish research findings in peer-reviewed international journals.","VTU ಸಂಶೋಧನಾ ಕೇಂದ್ರಗಳೆಂದು ಗುರುತಿಸಲ್ಪಟ್ಟಿದೆ, ನಮ್ಮ ಅಧ್ಯಾಪಕರು ಪೀರ್-ರಿವ್ಯೂಡ್ ಅಂತರಾಷ್ಟ್ರೀಯ ನಿಯತಕಾಲಿಕಗಳಲ್ಲಿ ಸಂಶೋಧನಾ ಸಂಶೋಧನೆಗಳನ್ನು ನಿರಂತರವಾಗಿ ಪ್ರಕಟಿಸುತ್ತಾರೆ.","Working literal gloss: Recognized as VTU Research Centres, our faculty continuously publish research findings in peer-reviewed international journals.",No omission established by desk review; native reviewer must verify every clause.,No added fact established by desk review; native reviewer must verify register and implications.,No specific defect established; native review required.,No specific defect established; native review required.,No specific defect established; native review required.,No specific defect established; native review required.,No specific defect established; native review required.,None; stored as a complete source value.,both,backend content adapters/unit narration + frontend department card locale imports,"VTU ಸಂಶೋಧನಾ ಕೇಂದ್ರಗಳೆಂದು ಗುರುತಿಸಲ್ಪಟ್ಟಿದೆ, ನಮ್ಮ ಅಧ್ಯಾಪಕರು ಪೀರ್-ರಿವ್ಯೂಡ್ ಅಂತರಾಷ್ಟ್ರೀಯ ನಿಯತಕಾಲಿಕಗಳಲ್ಲಿ ಸಂಶೋಧನಾ ಸಂಶೋಧನೆಗಳನ್ನು ನಿರಂತರವಾಗಿ ಪ್ರಕಟಿಸುತ್ತಾರೆ.","VTU ಸಂಶೋಧನಾ ಕೇಂದ್ರಗಳೆಂದು ಗುರುತಿಸಲ್ಪಟ್ಟಿದೆ, ನಮ್ಮ ಅಧ್ಯಾಪಕರು ಪೀರ್-ರಿವ್ಯೂಡ್ ಅಂತರಾಷ್ಟ್ರೀಯ ನಿಯತಕಾಲಿಕಗಳಲ್ಲಿ ಸಂಶೋಧನಾ ಸಂಶೋಧನೆಗಳನ್ನು ನಿರಂತರವಾಗಿ ಪ್ರಕಟಿಸುತ್ತಾರೆ.",YES,READY_FOR_NATIVE_REVIEW,NO,,,,
kn.departments.basic_sciences.placement,backend/data/locales/kn.json#departments.basic_sciences.placement,9. Placements,Department card — basic_sciences / placement,A strong first-year foundation ensures all SVIT engineers excel in aptitude and logical reasoning throughout their careers.,"Communicate the complete English source meaning without omitting qualifiers, actions, names, numbers, fees, or acronyms: A strong first-year foundation ensures all SVIT engineers excel in aptitude and logical reasoning throughout their careers.",ಬಲವಾದ ಪ್ರಥಮ ವರ್ಷದ ಅಡಿಪಾಯವು ಎಲ್ಲಾ SVIT ಎಂಜಿನಿಯರ್‌ಗಳು ತಮ್ಮ ವೃತ್ತಿಜೀವನದುದ್ದಕ್ಕೂ ಯೋಗ್ಯತಾ ಪರೀಕ್ಷೆ ಮತ್ತು ತಾರ್ಕಿಕ ಚಿಂತನೆಯಲ್ಲಿ ಉತ್ಕೃಷ್ಟರಾಗಲು ಸಹಾಯ ಮಾಡುತ್ತದೆ.,Working literal gloss: A strong first-year foundation ensures all SVIT engineers excel in aptitude and logical reasoning throughout their careers.,No omission established by desk review; native reviewer must verify every clause.,No added fact established by desk review; native reviewer must verify register and implications.,No specific defect established; native review required.,No specific defect established; native review required.,No specific defect established; native review required.,No specific defect established; native review required.,No specific defect established; native review required.,None; stored as a complete source value.,both,backend content adapters/unit narration + frontend department card locale imports,ಬಲವಾದ ಪ್ರಥಮ ವರ್ಷದ ಅಡಿಪಾಯವು ಎಲ್ಲಾ SVIT ಎಂಜಿನಿಯರ್‌ಗಳು ತಮ್ಮ ವೃತ್ತಿಜೀವನದುದ್ದಕ್ಕೂ ಯೋಗ್ಯತಾ ಪರೀಕ್ಷೆ ಮತ್ತು ತಾರ್ಕಿಕ ಚಿಂತನೆಯಲ್ಲಿ ಉತ್ಕೃಷ್ಟರಾಗಲು ಸಹಾಯ ಮಾಡುತ್ತದೆ.,ಬಲವಾದ ಪ್ರಥಮ ವರ್ಷದ ಅಡಿಪಾಯವು ಎಲ್ಲಾ SVIT ಎಂಜಿನಿಯರ್‌ಗಳು ತಮ್ಮ ವೃತ್ತಿಜೀವನದುದ್ದಕ್ಕೂ ಯೋಗ್ಯತಾ ಪರೀಕ್ಷೆ ಮತ್ತು ತಾರ್ಕಿಕ ಚಿಂತನೆಯಲ್ಲಿ ಉತ್ಕೃಷ್ಟರಾಗಲು ಸಹಾಯ ಮಾಡುತ್ತದೆ.,YES,READY_FOR_NATIVE_REVIEW,NO,,,,
kn.departments.basic_sciences.fees,backend/data/locales/kn.json#departments.basic_sciences.fees,8. Fees,Department card — basic_sciences / fees,Integrated seamlessly across the first-year engineering curriculum.,"Communicate the complete English source meaning without omitting qualifiers, actions, names, numbers, fees, or acronyms: Integrated seamlessly across the first-year engineering curriculum.",ಈ ವಿಷಯಗಳನ್ನು ಪ್ರಥಮ ವರ್ಷದ ಎಂಜಿನಿಯರಿಂಗ್ ಪಠ್ಯಕ್ರಮದೊಂದಿಗೆ ಏಕೀಕೃತಗೊಳಿಸಲಾಗಿದೆ.,Working literal gloss: Integrated seamlessly across the first-year engineering curriculum.,No omission established by desk review; native reviewer must verify every clause.,No added fact established by desk review; native reviewer must verify register and implications.,No specific defect established; native review required.,No specific defect established; native review required.,No specific defect established; native review required.,No specific defect established; native review required.,No specific defect established; native review required.,None; stored as a complete source value.,both,backend content adapters/unit narration + frontend department card locale imports,ಈ ವಿಷಯಗಳನ್ನು ಪ್ರಥಮ ವರ್ಷದ ಎಂಜಿನಿಯರಿಂಗ್ ಪಠ್ಯಕ್ರಮದೊಂದಿಗೆ ಏಕೀಕೃತಗೊಳಿಸಲಾಗಿದೆ.,ಈ ವಿಷಯಗಳನ್ನು ಪ್ರಥಮ ವರ್ಷದ ಎಂಜಿನಿಯರಿಂಗ್ ಪಠ್ಯಕ್ರಮದೊಂದಿಗೆ ಏಕೀಕೃತಗೊಳಿಸಲಾಗಿದೆ.,YES,READY_FOR_NATIVE_REVIEW,NO,,,,
kn.placements_and_training.objectives,backend/data/locales/kn.json#placements_and_training.objectives,9. Placements,Placements card — objectives,"1. Provide 100% placement assistance and professional career support 2. Train students in communication, aptitude, technical knowledge, and interview preparation 3. Build strong industry-institution partnerships for internships and campus placements","Communicate the complete English source meaning without omitting qualifiers, actions, names, numbers, fees, or acronyms: 1. Provide 100% placement assistance and professional career support 2. Train students in communication, aptitude, technical knowledge, and interview preparation 3. Build strong industry-institution partnerships for internships and campus placements","1. 100% ಪ್ಲೇಸ್‌ಮೆಂಟ್ ಸಹಾಯ ಮತ್ತು ವೃತ್ತಿಪರ ವೃತ್ತಿಜೀವನ ಬೆಂಬಲ ಒದಗಿಸುವುದು. 2. ಸಂವಹನ, ಅಭಿಕ್ಷಮತೆ, ತಾಂತ್ರಿಕ ಜ್ಞಾನ ಮತ್ತು ಸಂದರ್ಶನ ಸಿದ್ಧತೆಯಲ್ಲಿ ವಿದ್ಯಾರ್ಥಿಗಳಿಗೆ ತರಬೇತಿ ನೀಡುವುದು. 3. ಇಂಟರ್ನ್‌ಶಿಪ್ ಮತ್ತು ಕ್ಯಾಂಪಸ್ ಪ್ಲೇಸ್‌ಮೆಂಟ್‌ಗಳಿಗಾಗಿ ಬಲವಾದ ಉದ್ಯಮ–ಸಂಸ್ಥೆ ಸಹಭಾಗಿತ್ವಗಳನ್ನು ನಿರ್ಮಿಸುವುದು.","Working literal gloss: 1. Provide 100% placement assistance and professional career support 2. Train students in communication, aptitude, technical knowledge, and interview preparation 3. Build strong industry-institution partnerships for internships and campus placements",No omission established by desk review; native reviewer must verify every clause.,No added fact established by desk review; native reviewer must verify register and implications.,The sentence has been redrafted as a complete candidate; native reviewer must validate grammar.,No specific defect established; native review required.,Candidate uses revised Kannada ordering; native reviewer must compare it with the current construction.,Candidate targets consistent respectful kiosk language; approval is pending.,No specific defect established; native review required.,None; stored as a complete source value.,both,backend placements adapter/narration + frontend placements card locale imports,"1. 100% ಪ್ಲೇಸ್‌ಮೆಂಟ್ ಸಹಾಯ ಮತ್ತು ವೃತ್ತಿಪರ ವೃತ್ತಿ ಬೆಂಬಲ ನೀಡುವುದು 2. ಸಂವಹನ, ಯೋಗ್ಯತೆ, ತಾಂತ್ರಿಕ ಜ್ಞಾನ ಮತ್ತು ಸಂದರ್ಶನ ತಯಾರಿಗೆ ವಿದ್ಯಾರ್ಥಿಗಳನ್ನು ತರಬೇತಿಯನ್ನು ನೀಡುವುದು 3. ಇಂಟರ್ನ್‌ಶಿಪ್ ಮತ್ತು ಕ್ಯಾಂಪಸ್ ಪ್ಲೇಸ್‌ಮೆಂಟ್‌ಗಳಿಗೆ ಬಲವಾದ ಉದ್ಯಮ-ಸಂಸ್ಥೆ ಪಾಲುದಾರಿಕೆಯನ್ನು ಕಟ್ಟುವುದು","1. 100% ಪ್ಲೇಸ್‌ಮೆಂಟ್ ಸಹಾಯ ಮತ್ತು ವೃತ್ತಿಪರ ವೃತ್ತಿ ಬೆಂಬಲ ನೀಡುವುದು 2. ಸಂವಹನ, ಯೋಗ್ಯತೆ, ತಾಂತ್ರಿಕ ಜ್ಞಾನ ಮತ್ತು ಸಂದರ್ಶನ ತಯಾರಿಗೆ ವಿದ್ಯಾರ್ಥಿಗಳನ್ನು ತರಬೇತಿಯನ್ನು ನೀಡುವುದು 3. ಇಂಟರ್ನ್‌ಶಿಪ್ ಮತ್ತು ಕ್ಯಾಂಪಸ್ ಪ್ಲೇಸ್‌ಮೆಂಟ್‌ಗಳಿಗೆ ಬಲವಾದ ಉದ್ಯಮ-ಸಂಸ್ಥೆ ಪಾಲುದಾರಿಕೆಯನ್ನು ಕಟ್ಟುವುದು.",YES,READY_FOR_NATIVE_REVIEW,YES,,,,
kn.placements_and_training.training_programs,backend/data/locales/kn.json#placements_and_training.training_programs,9. Placements,Placements card — training_programs,"1. Aptitude & Logical Reasoning Training 2. Weekly Mock Aptitude & Technical Assessments 3. Soft Skills & Communication Skills 4. Technical Skill Development Workshops (Core, IT, Emerging Technologies) 5. Mock Interviews & Group Discussions","Communicate the complete English source meaning without omitting qualifiers, actions, names, numbers, fees, or acronyms: 1. Aptitude & Logical Reasoning Training 2. Weekly Mock Aptitude & Technical Assessments 3. Soft Skills & Communication Skills 4. Technical Skill Development Workshops (Core, IT, Emerging Technologies) 5. Mock Interviews & Group Discussions","1. ಅಭಿಕ್ಷಮತೆ ಮತ್ತು ತಾರ್ಕಿಕ ಚಿಂತನೆ ತರಬೇತಿ. 2. ವಾರಂವಾರ ಮಾದರಿ ಅಭಿಕ್ಷಮತೆ ಮತ್ತು ತಾಂತ್ರಿಕ ಮೌಲ್ಯಮಾಪನಗಳು. 3. ಮೃದು ಕೌಶಲ್ಯಗಳು ಮತ್ತು ಸಂವಹನ ಕೌಶಲ್ಯಗಳು. 4. ತಾಂತ್ರಿಕ ಕೌಶಲ್ಯ ಅಭಿವೃದ್ಧಿ ಕಾರ್ಯಾಗಾರಗಳು (ಮೂಲ ವಿಭಾಗಗಳು, IT ಮತ್ತು ಉದಯೋನ್ಮುಖ ತಂತ್ರಜ್ಞಾನಗಳು). 5. ಮಾದರಿ ಸಂದರ್ಶನಗಳು ಮತ್ತು ಗುಂಪು ಚರ್ಚೆಗಳು.","Working literal gloss: 1. Aptitude & Logical Reasoning Training 2. Weekly Mock Aptitude & Technical Assessments 3. Soft Skills & Communication Skills 4. Technical Skill Development Workshops (Core, IT, Emerging Technologies) 5. Mock Interviews & Group Discussions",No omission established by desk review; native reviewer must verify every clause.,No added fact established by desk review; native reviewer must verify register and implications.,The sentence has been redrafted as a complete candidate; native reviewer must validate grammar.,No specific defect established; native review required.,Candidate uses revised Kannada ordering; native reviewer must compare it with the current construction.,Candidate targets consistent respectful kiosk language; approval is pending.,No specific defect established; native review required.,None; stored as a complete source value.,both,backend placements adapter/narration + frontend placements card locale imports,"1. ಯೋಗ್ಯತಾ ಪರೀಕ್ಷೆ ಮತ್ತು ತಾರ್ಕಿಕ ತರ್ಕ ತರಬೇತಿ. 2. ಸಾಪ್ತಾಹಿಕ ಮಾಕ್ ಯೋಗ್ಯತಾ ಮತ್ತು ತಾಂತ್ರಿಕ ಮೌಲ್ಯಮಾಪನಗಳು. 3. ಸೌಮ್ಯ ಕೌಶಲ್ಯ ಮತ್ತು ಸಂವಹನ ಕೌಶಲ್ಯಗಳು. 4. ತಾಂತ್ರಿಕ ಕೌಶಲ್ಯ ಅಭಿವೃದ್ಧಿ ಕಾರ್ಯಾಗಾರಗಳು (ಕೋರ್, IT, ಉದಯೋನ್ಮುಖ ತಂತ್ರಜ್ಞಾನಗಳು). 5. ಮಾಕ್ ಸಂದರ್ಶನಗಳು ಮತ್ತು ಗುಂಪು ಚರ್ಚೆಗಳು.","1. ಯೋಗ್ಯತಾ ಪರೀಕ್ಷೆ ಮತ್ತು ತಾರ್ಕಿಕ ತರ್ಕ ತರಬೇತಿ. 2. ಸಾಪ್ತಾಹಿಕ ಮಾಕ್ ಯೋಗ್ಯತಾ ಮತ್ತು ತಾಂತ್ರಿಕ ಮೌಲ್ಯಮಾಪನಗಳು. 3. ಸೌಮ್ಯ ಕೌಶಲ್ಯ ಮತ್ತು ಸಂವಹನ ಕೌಶಲ್ಯಗಳು. 4. ತಾಂತ್ರಿಕ ಕೌಶಲ್ಯ ಅಭಿವೃದ್ಧಿ ಕಾರ್ಯಾಗಾರಗಳು (ಕೋರ್, IT, ಉದಯೋನ್ಮುಖ ತಂತ್ರಜ್ಞಾನಗಳು). 5. ಮಾಕ್ ಸಂದರ್ಶನಗಳು ಮತ್ತು ಗುಂಪು ಚರ್ಚೆಗಳು.",YES,READY_FOR_NATIVE_REVIEW,YES,,,,
kn.placements_and_training.additional_details.objectives[0],backend/data/locales/kn.json#placements_and_training.additional_details.objectives[0],9. Placements,Placements card — additional_details.objectives[0],1. Provide 100% placement assistance and professional career support,"Communicate the complete English source meaning without omitting qualifiers, actions, names, numbers, fees, or acronyms: 1. Provide 100% placement assistance and professional career support",1. 100% ಪ್ಲೇಸ್‌ಮೆಂಟ್ ಸಹಾಯ ಮತ್ತು ವೃತ್ತಿಪರ ವೃತ್ತಿಜೀವನ ಬೆಂಬಲ ಒದಗಿಸುವುದು.,Working literal gloss: 1. Provide 100% placement assistance and professional career support,No omission established by desk review; native reviewer must verify every clause.,No added fact established by desk review; native reviewer must verify register and implications.,No specific defect established; native review required.,No specific defect established; native review required.,No specific defect established; native review required.,No specific defect established; native review required.,No specific defect established; native review required.,Stored list item; the runtime composes it with sibling items. Review the composed sentence before approval.,both,backend placements adapter/narration + frontend placements card locale imports,1. 100% ಪ್ಲೇಸ್‌ಮೆಂಟ್ ಸಹಾಯ ಮತ್ತು ವೃತ್ತಿಪರ ವೃತ್ತಿ ಬೆಂಬಲ ನೀಡುವುದು,1. 100% ಪ್ಲೇಸ್‌ಮೆಂಟ್ ಸಹಾಯ ಮತ್ತು ವೃತ್ತಿಪರ ವೃತ್ತಿ ಬೆಂಬಲ ನೀಡುವುದು.,YES,READY_FOR_NATIVE_REVIEW,YES,,,,
kn.placements_and_training.additional_details.objectives[1],backend/data/locales/kn.json#placements_and_training.additional_details.objectives[1],9. Placements,Placements card — additional_details.objectives[1],"2. Train students in communication, aptitude, technical knowledge, and interview preparation","Communicate the complete English source meaning without omitting qualifiers, actions, names, numbers, fees, or acronyms: 2. Train students in communication, aptitude, technical knowledge, and interview preparation","2. ಸಂವಹನ, ಅಭಿಕ್ಷಮತೆ, ತಾಂತ್ರಿಕ ಜ್ಞಾನ ಮತ್ತು ಸಂದರ್ಶನ ಸಿದ್ಧತೆಯಲ್ಲಿ ವಿದ್ಯಾರ್ಥಿಗಳಿಗೆ ತರಬೇತಿ ನೀಡುವುದು.","Working literal gloss: 2. Train students in communication, aptitude, technical knowledge, and interview preparation",No omission established by desk review; native reviewer must verify every clause.,No added fact established by desk review; native reviewer must verify register and implications.,No specific defect established; native review required.,No specific defect established; native review required.,No specific defect established; native review required.,No specific defect established; native review required.,No specific defect established; native review required.,Stored list item; the runtime composes it with sibling items. Review the composed sentence before approval.,both,backend placements adapter/narration + frontend placements card locale imports,"2. ಸಂವಹನ, ಯೋಗ್ಯತೆ, ತಾಂತ್ರಿಕ ಜ್ಞಾನ ಮತ್ತು ಸಂದರ್ಶನ ತಯಾರಿಗೆ ವಿದ್ಯಾರ್ಥಿಗಳನ್ನು ತರಬೇತಿಯನ್ನು ನೀಡುವುದು","2. ಸಂವಹನ, ಯೋಗ್ಯತೆ, ತಾಂತ್ರಿಕ ಜ್ಞಾನ ಮತ್ತು ಸಂದರ್ಶನ ತಯಾರಿಗೆ ವಿದ್ಯಾರ್ಥಿಗಳನ್ನು ತರಬೇತಿಯನ್ನು ನೀಡುವುದು.",YES,READY_FOR_NATIVE_REVIEW,YES,,,,
kn.placements_and_training.additional_details.objectives[2],backend/data/locales/kn.json#placements_and_training.additional_details.objectives[2],9. Placements,Placements card — additional_details.objectives[2],3. Build strong industry-institution partnerships for internships and campus placements,"Communicate the complete English source meaning without omitting qualifiers, actions, names, numbers, fees, or acronyms: 3. Build strong industry-institution partnerships for internships and campus placements",3. ಇಂಟರ್ನ್‌ಶಿಪ್ ಮತ್ತು ಕ್ಯಾಂಪಸ್ ಪ್ಲೇಸ್‌ಮೆಂಟ್‌ಗಳಿಗಾಗಿ ಬಲವಾದ ಉದ್ಯಮ–ಸಂಸ್ಥೆ ಸಹಭಾಗಿತ್ವಗಳನ್ನು ನಿರ್ಮಿಸುವುದು.,Working literal gloss: 3. Build strong industry-institution partnerships for internships and campus placements,No omission established by desk review; native reviewer must verify every clause.,No added fact established by desk review; native reviewer must verify register and implications.,No specific defect established; native review required.,No specific defect established; native review required.,No specific defect established; native review required.,No specific defect established; native review required.,No specific defect established; native review required.,Stored list item; the runtime composes it with sibling items. Review the composed sentence before approval.,both,backend placements adapter/narration + frontend placements card locale imports,3. ಇಂಟರ್ನ್‌ಶಿಪ್ ಮತ್ತು ಕ್ಯಾಂಪಸ್ ಪ್ಲೇಸ್‌ಮೆಂಟ್‌ಗಳಿಗೆ ಬಲವಾದ ಉದ್ಯಮ-ಸಂಸ್ಥೆ ಪಾಲುದಾರಿಕೆಯನ್ನು ಕಟ್ಟುವುದು,3. ಇಂಟರ್ನ್‌ಶಿಪ್ ಮತ್ತು ಕ್ಯಾಂಪಸ್ ಪ್ಲೇಸ್‌ಮೆಂಟ್‌ಗಳಿಗೆ ಬಲವಾದ ಉದ್ಯಮ-ಸಂಸ್ಥೆ ಪಾಲುದಾರಿಕೆಯನ್ನು ಕಟ್ಟುವುದು.,YES,READY_FOR_NATIVE_REVIEW,YES,,,,
kn.placements_and_training.additional_details.training_programs[0],backend/data/locales/kn.json#placements_and_training.additional_details.training_programs[0],9. Placements,Placements card — additional_details.training_programs[0],1. Aptitude & Logical Reasoning Training,"Communicate the complete English source meaning without omitting qualifiers, actions, names, numbers, fees, or acronyms: 1. Aptitude & Logical Reasoning Training",1. ಅಭಿಕ್ಷಮತೆ ಮತ್ತು ತಾರ್ಕಿಕ ಚಿಂತನೆ ತರಬೇತಿ,Working literal gloss: 1. Aptitude & Logical Reasoning Training,No omission established by desk review; native reviewer must verify every clause.,No added fact established by desk review; native reviewer must verify register and implications.,No specific defect established; native review required.,No specific defect established; native review required.,No specific defect established; native review required.,No specific defect established; native review required.,No specific defect established; native review required.,Stored list item; the runtime composes it with sibling items. Review the composed sentence before approval.,both,backend placements adapter/narration + frontend placements card locale imports,1. ಯೋಗ್ಯತೆ ಮತ್ತು ತಾರ್ಕಿಕ ತರ್ಕ ತರಬೇತಿ,1. ಯೋಗ್ಯತೆ ಮತ್ತು ತಾರ್ಕಿಕ ತರ್ಕ ತರಬೇತಿ.,YES,READY_FOR_NATIVE_REVIEW,YES,,,,
kn.placements_and_training.additional_details.training_programs[1],backend/data/locales/kn.json#placements_and_training.additional_details.training_programs[1],9. Placements,Placements card — additional_details.training_programs[1],2. Weekly Mock Aptitude & Technical Assessments,"Communicate the complete English source meaning without omitting qualifiers, actions, names, numbers, fees, or acronyms: 2. Weekly Mock Aptitude & Technical Assessments",2. ವಾರಂವಾರ ಮಾದರಿ ಅಭಿಕ್ಷಮತೆ ಮತ್ತು ತಾಂತ್ರಿಕ ಮೌಲ್ಯಮಾಪನಗಳು,Working literal gloss: 2. Weekly Mock Aptitude & Technical Assessments,No omission established by desk review; native reviewer must verify every clause.,No added fact established by desk review; native reviewer must verify register and implications.,No specific defect established; native review required.,No specific defect established; native review required.,No specific defect established; native review required.,No specific defect established; native review required.,No specific defect established; native review required.,Stored list item; the runtime composes it with sibling items. Review the composed sentence before approval.,both,backend placements adapter/narration + frontend placements card locale imports,2. ವಾರದ ಮಾಕ್ ಯೋಗ್ಯತೆ ಮತ್ತು ತಾಂತ್ರಿಕ ಮೌಲ್ಯಮಾಪನಗಳು,2. ವಾರದ ಮಾಕ್ ಯೋಗ್ಯತೆ ಮತ್ತು ತಾಂತ್ರಿಕ ಮೌಲ್ಯಮಾಪನಗಳು.,YES,READY_FOR_NATIVE_REVIEW,YES,,,,
kn.placements_and_training.additional_details.training_programs[2],backend/data/locales/kn.json#placements_and_training.additional_details.training_programs[2],9. Placements,Placements card — additional_details.training_programs[2],3. Soft Skills & Communication Skills,"Communicate the complete English source meaning without omitting qualifiers, actions, names, numbers, fees, or acronyms: 3. Soft Skills & Communication Skills",3. ಮೃದು ಕೌಶಲ್ಯಗಳು ಮತ್ತು ಸಂವಹನ ಕೌಶಲ್ಯಗಳು,Working literal gloss: 3. Soft Skills & Communication Skills,No omission established by desk review; native reviewer must verify every clause.,No added fact established by desk review; native reviewer must verify register and implications.,No specific defect established; native review required.,No specific defect established; native review required.,No specific defect established; native review required.,No specific defect established; native review required.,No specific defect established; native review required.,Stored list item; the runtime composes it with sibling items. Review the composed sentence before approval.,both,backend placements adapter/narration + frontend placements card locale imports,3. ಮೃದು ಕೌಶಲ್ಯಗಳು ಮತ್ತು ಸಂವಹನ ಕೌಶಲ್ಯಗಳು,3. ಮೃದು ಕೌಶಲ್ಯಗಳು ಮತ್ತು ಸಂವಹನ ಕೌಶಲ್ಯಗಳು.,YES,READY_FOR_NATIVE_REVIEW,NO,,,,
kn.placements_and_training.additional_details.training_programs[3],backend/data/locales/kn.json#placements_and_training.additional_details.training_programs[3],9. Placements,Placements card — additional_details.training_programs[3],"4. Technical Skill Development Workshops (Core, IT, Emerging Technologies)","Communicate the complete English source meaning without omitting qualifiers, actions, names, numbers, fees, or acronyms: 4. Technical Skill Development Workshops (Core, IT, Emerging Technologies)","4. ತಾಂತ್ರಿಕ ಕೌಶಲ್ಯ ಅಭಿವೃದ್ಧಿ ಕಾರ್ಯಾಗಾರಗಳು (ಕೋರ್, ಐಟಿ, ಉದಯೋನ್ಮುಖ ತಂತ್ರಜ್ಞಾನಗಳು)","Working literal gloss: 4. Technical Skill Development Workshops (Core, IT, Emerging Technologies)",No omission established by desk review; native reviewer must verify every clause.,No added fact established by desk review; native reviewer must verify register and implications.,No specific defect established; native review required.,No specific defect established; native review required.,No specific defect established; native review required.,No specific defect established; native review required.,No specific defect established; native review required.,Stored list item; the runtime composes it with sibling items. Review the composed sentence before approval.,both,backend placements adapter/narration + frontend placements card locale imports,"4. ತಾಂತ್ರಿಕ ಕೌಶಲ್ಯ ಅಭಿವೃದ್ಧಿ ಕಾರ್ಯಾಗಾರಗಳು (ಕೋರ್, ಐಟಿ, ಉದಯೋನ್ಮುಖ ತಂತ್ರಜ್ಞಾನಗಳು)","4. ತಾಂತ್ರಿಕ ಕೌಶಲ್ಯ ಅಭಿವೃದ್ಧಿ ಕಾರ್ಯಾಗಾರಗಳು (ಕೋರ್, ಐಟಿ, ಉದಯೋನ್ಮುಖ ತಂತ್ರಜ್ಞಾನಗಳು).",YES,READY_FOR_NATIVE_REVIEW,NO,,,,
kn.placements_and_training.additional_details.training_programs[4],backend/data/locales/kn.json#placements_and_training.additional_details.training_programs[4],9. Placements,Placements card — additional_details.training_programs[4],5. Mock Interviews & Group Discussions,"Communicate the complete English source meaning without omitting qualifiers, actions, names, numbers, fees, or acronyms: 5. Mock Interviews & Group Discussions",5. ಮಾದರಿ ಸಂದರ್ಶನಗಳು ಮತ್ತು ಗುಂಪು ಚರ್ಚೆಗಳು,Working literal gloss: 5. Mock Interviews & Group Discussions,No omission established by desk review; native reviewer must verify every clause.,No added fact established by desk review; native reviewer must verify register and implications.,No specific defect established; native review required.,No specific defect established; native review required.,No specific defect established; native review required.,No specific defect established; native review required.,No specific defect established; native review required.,Stored list item; the runtime composes it with sibling items. Review the composed sentence before approval.,both,backend placements adapter/narration + frontend placements card locale imports,5. ಮಾಕ್ ಸಂದರ್ಶನಗಳು ಮತ್ತು ಗುಂಪು ಚರ್ಚೆಗಳು,5. ಮಾಕ್ ಸಂದರ್ಶನಗಳು ಮತ್ತು ಗುಂಪು ಚರ್ಚೆಗಳು.,YES,READY_FOR_NATIVE_REVIEW,YES,,,,
